Hostname, Model number, Creation time, software version, RAM size(in GBs)
OF-CLIENT-478, MacBookPro15,1, Thu Sep 17 18:43:01 CEST 2020, 10.15.6, 32
OF-CLIENT-475, MacBookPro14,1, Fri Sep 18 12:39:06 CEST 2020, 10.15.6, 16
OF-CLIENT-474, MacBookPro14,1, Fri Sep 18 12:59:00 CEST 2020, 10.15.6, 16
OF-CLIENT-477, MacBookPro16,1, Mon Sep 21 16:36:06 CEST 2020, 10.15.6, 16
OF-CLIENT-476, MacBookPro14,1, Wed Sep 30 12:40:59 CEST 2020, 10.15.6, 16
OF-CLIENT-479, MacBookPro14,1, Wed Sep 30 13:50:25 CEST 2020, 10.15.6, 16
OF-CLIENT-480, MacBookPro16,1, Wed Sep 30 15:31:09 CEST 2020, 10.15.6, 16
OF-CLIENT-481, MacBookPro16,1, Wed Sep 30 16:25:07 CEST 2020, 10.15.6, 16OF-CLIENT-482, MacBookPro15,1, Mon Oct 5 15:15:46 CEST 2020, 10.15.7, 32
OF-CLIENT-483, MacBookPro15,1, Mon Oct 5 16:50:11 CEST 2020, 10.15.7, 32
OF-CLIENT-484, MacBookPro13,3, Wed Oct 7 15:59:27 CEST 2020, 10.15.7, 16
OF-CLIENT-485, MacBookPro14,1, Wed Oct 14 16:51:05 CEST 2020, 10.15.7, 16
OF-CLIENT-486, MacBookPro14,3, Wed Oct 14 17:15:21 CEST 2020, 10.15.7, 16
OF-CLIENT-487, MacBookPro13,3, Wed Oct 14 17:47:59 CEST 2020, 10.15.7, 16
OF-CLIENT-488, MacBookPro14,1, Thu Oct 15 17:00:35 CEST 2020, 10.15.7, 16
OF-CLIENT-489, MacBookPro14,3, Thu Oct 15 18:21:32 CEST 2020, 10.15.7, 16
OF-CLIENT-490, MacBookPro14,1, Mon Oct 19 10:21:41 CEST 2020, 10.15.7, 16
OF-CLIENT-491, MacBookPro14,1, Mon Oct 19 10:36:41 CEST 2020, 10.15.7, 16
OF-CLIENT-492, MacBookPro14,1, Mon Oct 19 10:49:03 CEST 2020, 10.15.7, 16
OF-CLIENT-493, MacBookPro14,1, Mon Oct 19 11:09:03 CEST 2020, 10.15.7, 16
OF-CLIENT-494, MacBookPro14,1, Mon Oct 19 12:08:29 CEST 2020, 10.15.7, 16
OF-CLIENT-495, MacBookPro14,3, Mon Oct 19 12:48:54 CEST 2020, 10.15.7, 16
OF-CLIENT-496, MacBookPro15,1, Wed Oct 21 17:22:24 CEST 2020, 10.15.7, 32
OF-CLIENT-497, MacBookPro14,3, Wed Oct 21 17:41:04 CEST 2020, 10.15.7, 16
OF-CLIENT-498, MacBookPro14,1, Wed Oct 21 17:57:19 CEST 2020, 10.15.7, 16
OF-CLIENT-499, MacBookPro14,1, Fri Oct 23 13:11:54 CEST 2020, 10.15.7, 16
OF-CLIENT-500, MacBookPro14,1, Fri Oct 23 17:12:14 CEST 2020, 10.15.7, 16
OF-CLIENT-501, MacBookPro15,1, Mon Oct 26 16:12:06 CET 2020, 10.15.7, 32
OF-CLIENT-502, MacBookPro14,1, Mon Oct 26 17:12:35 CET 2020, 10.15.7, 16
OF-CLIENT-503, MacBookPro14,1, Wed Oct 28 15:08:45 CET 2020, 10.15.7, 16
OF-CLIENT-504, MacBookPro14,1, Mon Nov 2 11:58:05 CET 2020, 10.15.7, 16
OF-CLIENT-505, MacBookPro14,1, Tue Nov 10 11:05:40 CET 2020, 10.15.7, 16
OF-CLIENT-506, MacBookPro15,2, Tue Nov 10 11:25:43 CET 2020, 10.15.7, 16
OF-CLIENT-507, MacBookPro15,1, Tue Nov 10 15:07:58 CET 2020, 10.15.7, 32
OF-CLIENT-508, MacBookPro14,1, Wed Nov 18 11:19:19 CET 2020, 10.15.7, 16
OF-CLIENT-509, MacBookPro15,1, Thu Nov 19 12:14:37 CET 2020, 10.15.7, 32
OF-CLIENT-510, MacBookPro14,1, Mon Nov 23 17:05:02 CET 2020, 10.15.7, 16
OF-CLIENT-511, MacBookPro17,1, Tue Nov 24 12:37:46 CET 2020, 11.0, 16
OF-CLIENT-512, MacBookPro17,1, Tue Nov 24 12:39:19 CET 2020, 11.0, 16
OF-CLIENT-513, MacBookPro17,1, Tue Nov 24 12:40:44 CET 2020, 11.0, 16
OF-CLIENT-514, MacBookPro17,1, Tue Nov 24 12:46:48 CET 2020, 11.0, 16
OF-CLIENT-511, MacBookPro13,1, Tue Nov 24 13:18:17 CET 2020, 10.15.7, 16
OF-CLIENT-512, MacBookPro15,1, Wed Nov 25 16:08:40 CET 2020, 10.15.7, 32
OF-CLIENT-513, MacBookPro14,1, Thu Nov 26 16:22:11 CET 2020, 10.15.7, 16
OF-CLIENT-514, MacBookPro16,2, Thu Nov 26 17:00:37 CET 2020, 10.15.7, 16
OF-CLIENT-515, MacBookPro16,1, Thu Nov 26 17:53:59 CET 2020, 10.15.7, 16
OF-CLIENT-516, MacBookPro14,1, Thu Nov 26 18:20:12 CET 2020, 10.15.7, 16
OF-CLIENT-517, MacBookPro16,2, Mon Nov 30 17:30:08 CET 2020, 10.15.7, 16
OF-CLIENT-518, MacBookPro16,1, Mon Nov 30 17:58:19 CET 2020, 10.15.7, 16
OF-CLIENT-519, MacBookPro14,1, Thu Dec 3 16:50:22 CET 2020, 10.15.7, 16
OF-CLIENT-520, MacBookPro14,3, Fri Dec 4 15:32:53 CET 2020, 10.15.7, 16
OF-CLIENT-521, MacBookPro14,1, Fri Dec 4 15:52:13 CET 2020, 10.15.7, 16
OF-CLIENT-522, MacBookPro14,1, Mon Dec 7 11:09:49 CET 2020, 10.15.7, 16
OF-CLIENT-523, MacBookPro14,1, Mon Dec 7 12:07:44 CET 2020, 10.15.7, 16
OF-CLIENT-524, MacBookPro15,2, Wed Dec 9 16:44:41 CET 2020, 10.15.7, 16
OF-CLIENT-525, MacBookPro17,1, Thu Dec 10 11:33:33 CET 2020, 11.0.1, 16
OF-CLIENT-526, MacBookPro16,1, Thu Dec 10 12:46:31 CET 2020, 10.15.7, 16
OF-CLIENT-527, MacBookPro16,1, Thu Dec 10 12:52:35 CET 2020, 10.15.7, 16
OF-CLIENT-528, MacBookPro14,1, Fri Dec 11 12:17:46 CET 2020, 10.15.7, 16
OF-CLIENT-529, MacBookPro16,1, Fri Dec 11 13:57:24 CET 2020, 10.15.6, 16
OF-CLIENT-530, MacBookPro14,1, Mon Dec 14 16:21:11 CET 2020, 10.15.7, 16
OF-CLIENT-531, MacBookPro14,1, Wed Dec 16 12:46:05 CET 2020, 10.15.7, 16
OF-CLIENT-532, MacBookPro14,3, Wed Dec 16 15:39:03 CET 2020, 10.15.7, 16
OF-CLIENT-533, MacBookPro14,1, Wed Dec 16 16:13:21 CET 2020, 10.15.7, 16
OF-CLIENT-534, MacBookPro16,2, Thu Dec 17 11:44:38 CET 2020, 10.15.7, 16
OF-CLIENT-535, MacBookPro16,2, Thu Dec 17 11:48:18 CET 2020, 10.15.7, 16
OF-CLIENT-536, MacBookPro16,2, Thu Dec 17 14:07:49 CET 2020, 10.15.7, 16
OF-CLIENT-537, MacBookPro16,2, Thu Dec 17 14:22:37 CET 2020, 10.15.7, 16
OF-CLIENT-538, MacBookPro16,2, Thu Dec 17 15:32:10 CET 2020, 10.15.7, 16
OF-CLIENT-539, MacBookPro16,2, Thu Dec 17 15:59:59 CET 2020, 10.15.7, 16
OF-CLIENT-540, MacBookPro16,1, Fri Dec 18 10:08:21 CET 2020, 10.15.7, 16
OF-CLIENT-541, MacBookPro16,1, Fri Dec 18 10:13:44 CET 2020, 10.15.7, 16
OF-CLIENT-542, MacBookPro14,3, Tue Dec 22 11:07:19 CET 2020, 10.15.7, 16
OF-CLIENT-543, MacBookPro16,1, Wed Dec 23 10:24:46 CET 2020, 10.15.7, 16
OF-CLIENT-544, MacBookPro14,1, Mon Jan 4 15:47:19 CET 2021, 10.15.7, 16
OF-CLIENT-545, MacBookPro16,1, Wed Jan 6 14:39:43 CET 2021, 10.15.7, 16
OF-CLIENT-546, MacBookPro15,1, Wed Jan 6 15:00:14 CET 2021, 10.15.7, 32
OF-CLIENT-547, MacBookPro16,1, Wed Jan 6 15:57:18 CET 2021, 10.15.7, 16
OF-CLIENT-548, MacBookPro15,1, Wed Jan 6 17:35:17 CET 2021, 10.15.7, 32
OF-CLIENT-549, MacBookPro17,1, Thu Jan 7 14:44:39 CET 2021, 11.1, 16
OF-CLIENT-550, MacBookPro14,1, Fri Jan 8 10:14:54 CET 2021, 10.15.7, 16
OF-CLIENT-551, MacBookPro16,1, Mon Jan 11 12:55:49 CET 2021, 10.15.7, 16
OF-CLIENT-552, MacBookPro15,1, Mon Jan 18 16:31:27 CET 2021, 10.15.7, 32
OF-CLIENT-553, MacBookPro14,1, Wed Jan 20 15:44:55 CET 2021, 10.15.7, 16
OF-CLIENT-554, MacBookPro14,1, Wed Jan 20 17:59:43 CET 2021, 10.15.7, 16
OF-CLIENT-555, MacBookPro16,1, Mon Jan 25 13:25:51 CET 2021, 10.15.7, 16
OF-CLIENT-556, MacBookPro16,1, Mon Jan 25 13:30:54 CET 2021, 10.15.7, 16
OF-CLIENT-557, MacBookPro16,2, Fri Jan 29 11:13:54 CET 2021, 10.15.7, 16
OF-CLIENT-558, MacBookPro16,1, Fri Jan 29 16:15:31 CET 2021, 10.15.7, 16
OF-CLIENT-559, MacBookPro14,1, Mon Feb 1 11:48:08 CET 2021, 10.15.7, 16
OF-CLIENT-560, MacBookPro16,1, Tue Feb 2 11:25:11 CET 2021, 10.15.7, 16
OF-CLIENT-561, MacBookPro16,1, Tue Feb 2 11:32:18 CET 2021, 10.15.7, 16
OF-CLIENT-562, MacBookPro16,1, Tue Feb 2 11:43:39 CET 2021, 10.15.7, 16
OF-CLIENT-563, MacBookPro14,3, Tue Feb 9 15:26:44 CET 2021, 10.15.7, 16
OF-CLIENT-564, MacBookPro14,1, Tue Feb 9 15:44:18 CET 2021, 10.15.7, 16
OF-CLIENT-565, MacBookPro16,1, Wed Feb 10 11:30:47 CET 2021, 10.15.7, 16
OF-CLIENT-566, MacBookPro16,1, Wed Feb 10 14:46:54 CET 2021, 10.15.7, 16
OF-CLIENT-567, MacBookPro16,2, Fri Feb 12 13:08:40 CET 2021, 10.15.7, 16
OF-CLIENT-568, MacBookPro14,1, Fri Feb 12 15:08:10 CET 2021, 10.15.7, 16
OF-CLIENT-569, MacBookPro15,1, Fri Feb 12 15:33:52 CET 2021, 10.15.7, 32
OF-CLIENT-570, MacBookPro14,3, Fri Feb 12 17:13:45 CET 2021, 10.15.7, 16
OF-CLIENT-571, MacBookPro13,1, Mon Feb 15 10:01:12 CET 2021, 10.15.7, 16
OF-CLIENT-572, MacBookPro16,1, Mon Feb 15 10:23:28 CET 2021, 10.15.7, 32
OF-CLIENT-573, MacBookPro14,3, Fri Feb 19 14:11:00 CET 2021, 10.15.7, 16
OF-CLIENT-574, MacBookPro14,1, Fri Feb 19 17:22:33 CET 2021, 10.15.7, 16
OF-CLIENT-575, MacBookPro14,1, Mon Feb 22 13:48:02 CET 2021, 10.15.7, 16
OF-CLIENT-576, MacBookPro14,1, Fri Mar 5 10:14:24 CET 2021, 10.15.7, 8
OF-CLIENT-577, MacBookPro16,1, Wed Mar 10 11:22:07 CET 2021, 10.15.7, 16
OF-CLIENT-578, MacBookPro16,1, Wed Mar 10 11:46:29 CET 2021, 10.15.7, 16
OF-CLIENT-579, MacBookPro14,1, Fri Mar 19 14:31:58 CET 2021, 10.15.7, 16
OF-CLIENT-580, MacBookPro14,1, Fri Mar 19 14:39:28 CET 2021, 10.15.7, 16
OF-CLIENT-581, MacBookPro14,1, Fri Mar 19 15:14:42 CET 2021, 10.15.7, 16
OF-CLIENT-582, MacBookPro14,1, Fri Mar 19 15:51:31 CET 2021, 10.15.7, 16
OF-CLIENT-583, MacBookPro14,1, Mon Mar 22 13:16:56 CET 2021, 10.15.7, 16
OF-CLIENT-584, MacBookPro14,3, Mon Mar 22 15:58:51 CET 2021, 10.15.7, 16
OF-CLIENT-585, MacBookPro16,1, Tue Mar 23 10:53:57 CET 2021, 10.15.7, 32
OF-CLIENT-586, MacBookPro16,1, Tue Mar 23 16:03:18 CET 2021, 10.15.7, 16
OF-CLIENT-587, MacBookPro14,1, Tue Mar 23 17:27:10 CET 2021, 10.15.7, 16
OF-CLIENT-588, MacBookPro14,1, Wed Mar 24 12:31:20 CET 2021, 10.15.7, 16
OF-CLIENT-589, MacBookPro14,1, Wed Mar 31 15:58:43 CEST 2021, 10.15.7, 16
OF-CLIENT-590, MacBookPro14,1, Thu Apr 1 14:30:43 CEST 2021, 10.15.7, 16
OF-CLIENT-591, MacBookPro16,1, Wed Apr 7 13:06:39 CEST 2021, 10.15.7, 32
OF-CLIENT-592, MacBookPro16,1, Wed Apr 7 14:02:38 CEST 2021, 10.15.7, 32
OF-CLIENT-593, MacBookPro16,1, Wed Apr 7 14:40:41 CEST 2021, 10.15.7, 32
OF-CLIENT-594, MacBookPro16,1, Wed Apr 7 15:00:35 CEST 2021, 10.15.7, 32
OF-CLIENT-595, MacBookPro14,3, Wed Apr 7 15:54:41 CEST 2021, 10.15.7, 16
OF-CLIENT-596, MacBookPro15,2, Mon Apr 12 11:56:35 CEST 2021, 10.15.7, 16
OF-CLIENT-597, MacBookPro14,1, Mon Apr 12 13:07:49 CEST 2021, 10.15.7, 16
OF-CLIENT-598, MacBookPro16,1, Tue Apr 13 16:53:12 CEST 2021, 10.15.7, 16
OF-CLIENT-599, MacBookPro13,1, Thu Apr 15 12:45:47 CEST 2021, 10.15.7, 16
OF-CLIENT-600, MacBookPro16,1, Thu Apr 15 13:24:20 CEST 2021, 10.15.7, 16
OF-CLIENT-601, MacBookPro14,1, Tue Apr 20 17:05:41 CEST 2021, 10.15.7, 16
OF-CLIENT-602, MacBookPro14,1, Wed Apr 21 10:43:21 CEST 2021, 10.15.7, 16
OF-CLIENT-603, MacBookPro16,2, Wed Apr 21 15:19:30 CEST 2021, 10.15.7, 16
OF-CLIENT-604, MacBookPro14,1, Thu Apr 22 09:42:49 CEST 2021, 10.15.7, 16
OF-CLIENT-605, MacBookPro14,1, Thu Apr 22 10:59:01 CEST 2021, 10.15.7, 16
OF-CLIENT-606, MacBookPro16,1, Fri Apr 23 11:05:40 CEST 2021, 10.15.7, 32
OF-CLIENT-607, MacBookPro16,1, Fri Apr 23 11:48:29 CEST 2021, 10.15.7, 32
OF-CLIENT-608, MacBookPro14,1, Tue Apr 27 13:52:26 CEST 2021, 10.15.7, 16
OF-CLIENT-609, MacBookPro16,1, Wed Apr 28 13:46:22 CEST 2021, 10.15.7, 16
OF-CLIENT-610, MacBookPro16,1, Fri Apr 30 12:30:54 CEST 2021, 10.15.7, 16
OF-CLIENT-611, MacBookPro14,1, Tue May 4 13:08:37 CEST 2021, 10.15.7, 16
OF-CLIENT-612, MacBookPro14,1, Wed May 5 14:53:17 CEST 2021, 10.15.7, 16
OF-CLIENT-613, MacBookPro16,1, Fri May 7 15:56:29 CEST 2021, 10.15.7, 32
OF-CLIENT-614, MacBookPro14,3, Tue May 11 10:12:59 CEST 2021, 10.15.7, 16
OF-CLIENT-615, MacBookPro14,2, Tue May 11 11:00:24 CEST 2021, 10.15.7, 8
OF-CLIENT-616, MacBookPro16,1, Tue May 11 12:14:46 CEST 2021, 10.15.7, 16
OF-CLIENT-617, Macmini7,1, Mon May 17 12:22:49 CEST 2021, 10.15.7, 16
OF-CLIENT-618, MacBookPro16,1, Mon May 17 13:59:45 CEST 2021, 10.15.7, 16
OF-CLIENT-619, MacBookPro14,3, Mon May 17 14:35:52 CEST 2021, 10.15.7, 16
OF-CLIENT-620, MacBookPro16,1, Tue May 18 13:46:53 CEST 2021, 10.15.7, 16
OF-CLIENT-621, MacBookPro16,1, Wed May 19 10:53:11 CEST 2021, 10.15.7, 16
OF-CLIENT-622, MacBookPro16,1, Wed May 19 11:51:06 CEST 2021, 11.3.1, 16
OF-CLIENT-623, MacBookPro16,1, Wed May 19 11:54:12 CEST 2021, 11.3.1, 16
OF-CLIENT-624, MacBookPro16,1, Wed May 19 12:07:55 CEST 2021, 11.3.1, 16
OF-CLIENT-625, MacBookPro16,1, Wed May 19 12:12:58 CEST 2021, 11.3.1, 16
OF-CLIENT-626, MacBookPro16,1, Wed May 19 12:24:37 CEST 2021, 11.3.1, 16
OF-CLIENT-627, MacBookPro16,1, Wed May 19 13:02:31 CEST 2021, 11.3.1, 16
OF-CLIENT-628, MacBookPro14,3, Wed May 19 13:20:55 CEST 2021, 10.15.7, 16
OF-CLIENT-629, MacBookPro14,3, Wed May 19 13:23:23 CEST 2021, 10.15.7, 16
OF-CLIENT-630, MacBookPro16,1, Wed May 19 16:42:33 CEST 2021, 11.3.1, 16
OF-CLIENT-631, MacBookPro16,1, Wed May 19 16:46:37 CEST 2021, 11.3.1, 16
OF-CLIENT-632, MacBookPro16,1, Wed May 19 16:47:16 CEST 2021, 11.3.1, 16
OF-CLIENT-633, MacBookPro16,1, Wed May 19 16:49:51 CEST 2021, 11.3.1, 16
OF-CLIENT-634, MacBookPro16,1, Wed May 19 16:54:00 CEST 2021, 11.3.1, 16
OF-CLIENT-635, MacBookPro16,1, Wed May 19 16:55:51 CEST 2021, 11.3.1, 16
OF-CLIENT-636, MacBookPro16,1, Wed May 19 16:57:24 CEST 2021, 11.3.1, 16
OF-CLIENT-637, MacBookPro14,1, Thu May 20 16:42:26 CEST 2021, 10.15.7, 16
OF-CLIENT-638, MacBookPro14,1, Thu May 20 17:02:17 CEST 2021, 10.15.7, 16
OF-CLIENT-639, MacBookPro16,1, Wed May 26 12:10:05 CEST 2021, 10.15.7, 16
OF-CLIENT-640, MacBookPro14,3, Wed May 26 13:00:54 CEST 2021, 10.15.7, 16
OF-CLIENT-641, Macmini7,1, Wed May 26 16:21:12 CEST 2021, 10.15.7, 16
OF-CLIENT-642, MacBookPro16,1, Thu May 27 13:58:34 CEST 2021, 11.3.1, 16
OF-CLIENT-643, MacBookPro16,1, Thu May 27 14:01:00 CEST 2021, 11.3.1, 16
OF-CLIENT-644, MacBookPro16,1, Thu May 27 14:13:58 CEST 2021, 11.3.1, 16
OF-CLIENT-645, MacBookPro16,1, Thu May 27 14:30:12 CEST 2021, 11.3.1, 16
OF-CLIENT-646, MacBookPro16,1, Thu May 27 17:05:39 CEST 2021, 10.15.7, 32
OF-CLIENT-647, MacBookPro16,1, Fri May 28 03:22:23 PDT 2021, 11.4, 16
OF-CLIENT-648, MacBookPro16,2, Fri May 28 12:24:18 CEST 2021, 11.3.1, 16
OF-CLIENT-649, MacBookPro14,3, Fri May 28 14:03:15 CEST 2021, 10.15.7, 16
OF-CLIENT-650, MacBookPro16,1, Fri May 28 16:25:59 CEST 2021, 11.3.1, 32
OF-CLIENT-651, MacBookPro14,1, Fri May 28 16:55:58 CEST 2021, 11.4, 16
OF-CLIENT-652, MacBookPro15,2, Mon May 31 11:24:21 CEST 2021, 10.15.7, 16
OF-CLIENT-653, MacBookPro14,3, Mon May 31 13:56:44 CEST 2021, 10.15.7, 16
OF-CLIENT-654, MacBookPro15,1, Mon May 31 14:16:30 CEST 2021, 10.15.7, 32
OF-CLIENT-655, MacBookPro14,1, Mon May 31 14:40:26 CEST 2021, 11.4, 16
OF-CLIENT-656, MacBookPro15,1, Mon May 31 14:51:19 CEST 2021, 10.15.7, 32
OF-CLIENT-657, MacBookPro15,2, Tue Jun 1 16:54:08 CEST 2021, 10.15.7, 16
OF-CLIENT-658, MacBookPro14,1, Wed Jun 2 11:52:52 CEST 2021, 10.15.7, 16
OF-CLIENT-659, MacBookPro15,2, Wed Jun 2 17:49:36 CEST 2021, 10.15.7, 16
OF-CLIENT-660, MacBookPro14,1, Thu Jun 3 12:55:50 CEST 2021, 10.15.7, 16
OF-CLIENT-661, MacBookPro14,1, Fri Jun 4 12:45:41 CEST 2021, 10.15.7, 16
OF-CLIENT-662, MacBookPro14,3, Fri Jun 4 13:43:45 CEST 2021, 10.15.7, 16
OF-CLIENT-663, MacBookPro14,3, Fri Jun 4 14:19:18 CEST 2021, 10.15.7, 16
OF-CLIENT-664, MacBookPro14,1, Fri Jun 4 15:55:04 CEST 2021, 10.15.7, 16
OF-CLIENT-665, MacBookPro15,1, Mon Jun 7 11:54:19 CEST 2021, 10.15.7, 32
OF-CLIENT-666, MacBookPro14,3, Tue Jun 8 12:16:00 CEST 2021, 10.15.7, 16
OF-CLIENT-667, MacBookPro15,1, Tue Jun 8 14:43:12 CEST 2021, 10.15.7, 32
OF-CLIENT-668, MacBookPro16,2, Fri Jun 11 14:49:06 CEST 2021, 11.3.1, 16
OF-CLIENT-669, MacBookPro16,2, Fri Jun 11 15:11:08 CEST 2021, 11.3.1, 16
OF-CLIENT-670, MacBookPro16,2, Fri Jun 11 15:26:17 CEST 2021, 11.3.1, 16
OF-CLIENT-671, MacBookPro16,2, Tue Jun 15 13:29:58 CEST 2021, 11.3.1, 16
OF-CLIENT-672, MacBookPro16,2, Thu Jun 17 14:56:37 CEST 2021, 11.3.1, 16
OF-CLIENT-673, MacBookPro16,2, Fri Jun 18 12:31:01 CEST 2021, 11.3.1, 16
OF-CLIENT-674, MacBookPro14,1, Fri Jun 18 16:41:31 CEST 2021, 10.15.7, 16
OF-CLIENT-675, MacBookPro14,1, Mon Jun 21 11:59:59 CEST 2021, 10.15.7, 16
OF-CLIENT-676, MacBookPro16,1, Mon Jun 21 05:08:01 PDT 2021, 11.3.1, 32
OF-CLIENT-677, MacBookPro16,2, Mon Jun 21 14:10:28 CEST 2021, 11.3.1, 16
OF-CLIENT-678, MacBookPro16,1, Tue Jun 22 13:37:02 CEST 2021, 11.3.1, 32
OF-CLIENT-679, MacBookPro16,1, Tue Jun 22 13:43:16 CEST 2021, 11.3.1, 32
OF-CLIENT-680, MacBookPro16,1, Wed Jun 23 15:35:02 CEST 2021, 11.3.1, 32
OF-CLIENT-681, MacBookPro15,1, Thu Jun 24 14:43:46 CEST 2021, 11.4, 32
OF-CLIENT-682, MacBookPro15,1, Thu Jun 24 14:52:19 CEST 2021, 11.4, 32
OF-CLIENT-683, MacBookPro14,3, Fri Jun 25 16:16:01 CEST 2021, 11.4, 16
OF-CLIENT-684, MacBookPro16,1, Mon Jun 28 12:21:35 CEST 2021, 11.3.1, 32
OF-CLIENT-685, MacBookPro14,1, Tue Jun 29 14:01:14 CEST 2021, 11.4, 16
OF-CLIENT-686, MacBookPro14,1, Wed Jun 30 13:58:58 CEST 2021, 11.4, 16
OF-CLIENT-687, MacBookPro15,2, Wed Jun 30 14:27:37 CEST 2021, 11.4, 16
OF-CLIENT-688, MacBookPro16,1, Wed Jun 30 15:03:04 CEST 2021, 11.4, 32
OF-CLIENT-689, MacBookPro16,2, Wed Jul 7 12:21:35 CEST 2021, 11.3.1, 16
OF-CLIENT-690, MacBookPro16,2, Wed Jul 7 12:26:01 CEST 2021, 11.3.1, 16
OF-CLIENT-691, MacBookPro16,2, Wed Jul 7 16:13:24 CEST 2021, 11.3.1, 16
OF-CLIENT-692, MacBookPro16,2, Wed Jul 7 16:24:04 CEST 2021, 11.3.1, 16
OF-CLIENT-693, MacBookPro15,1, Thu Jul 8 11:44:53 CEST 2021, 11.4, 32
OF-CLIENT-694, MacBookPro14,3, Mon Jul 12 11:28:00 CEST 2021, 11.3.1, 16
OF-CLIENT-695, MacBookPro14,3, Wed Jul 14 10:51:41 CEST 2021, 10.15.7, 16
OF-CLIENT-696, MacBookPro16,1, Thu Jul 15 13:06:39 CEST 2021, 11.4, 16
OF-CLIENT-697, MacBookPro16,1, Fri Jul 16 12:52:50 CEST 2021, 11.4, 16
OF-CLIENT-698, MacBookPro14,1, Fri Jul 16 13:06:51 CEST 2021, 11.4, 16
OF-CLIENT-699, MacBookPro14,1, Mon Jul 19 14:20:02 CEST 2021, 11.2.3, 16
OF-CLIENT-700, MacBookPro14,1, Tue Jul 20 13:33:50 CEST 2021, 11.4, 16
OF-CLIENT-701, MacBookPro16,1, Tue Jul 20 15:34:54 CEST 2021, 11.4, 32
OF-CLIENT-702, MacBookPro14,1, Tue Jul 20 16:37:48 CEST 2021, 11.4, 16
OF-CLIENT-703, MacBookPro14,3, Tue Jul 20 17:51:45 CEST 2021, 11.4, 16
OF-CLIENT-704, MacBookPro14,1, Wed Jul 21 12:28:53 CEST 2021, 11.4, 16
OF-CLIENT-705, MacBookPro14,1, Wed Jul 21 12:49:47 CEST 2021, 11.4, 16
OF-CLIENT-705, MacBookPro14,1, Wed Jul 21 12:56:44 CEST 2021, 11.4, 16
OF-CLIENT-704, MacBookPro14,1, Wed Jul 21 13:06:00 CEST 2021, 11.4, 16
OF-CLIENT-705, MacBookPro14,1, Wed Jul 21 13:15:48 CEST 2021, 11.4, 16
OF-CLIENT-706, MacBookPro14,1, Wed Jul 21 13:54:46 CEST 2021, 11.4, 16
OF-CLIENT-704, MacBookPro14,1, Wed Jul 21 14:05:09 CEST 2021, 11.4, 16
OF-CLIENT-705, MacBookPro14,1, Wed Jul 21 14:18:07 CEST 2021, 11.4, 16
OF-CLIENT-704, MacBookPro14,1, Wed Jul 21 15:38:44 CEST 2021, 11.4, 16
OF-CLIENT-705, MacBookPro14,1, Wed Jul 21 15:49:33 CEST 2021, 11.4, 16
OF-CLIENT-704, MacBookPro14,1, Thu Jul 22 12:09:41 CEST 2021, 11.5, 16
OF-CLIENT-705, MacBookPro14,1, Thu Jul 22 16:38:22 CEST 2021, 11.5, 16
OF-CLIENT-706, MacBookPro16,1, Fri Jul 23 12:28:45 CEST 2021, 11.5, 32
OF-CLIENT-707, MacBookPro14,1, Fri Jul 23 15:05:33 CEST 2021, 11.5, 16
OF-CLIENT-708, MacBookPro14,1, Fri Jul 23 16:36:54 CEST 2021, 11.5, 16
OF-CLIENT-709, MacBookPro14,1, Mon Jul 26 11:36:17 CEST 2021, 11.5, 16
OF-CLIENT-710, MacBookPro14,3, Mon Jul 26 15:47:18 CEST 2021, 11.5, 16
OF-CLIENT-711, MacBookPro16,2, Tue Jul 27 10:41:34 CEST 2021, 11.3.1, 16
OF-CLIENT-712, MacBookPro16,2, Tue Jul 27 10:51:24 CEST 2021, 11.3.1, 16
OF-CLIENT-713, MacBookPro16,2, Tue Jul 27 11:46:44 CEST 2021, 11.3.1, 16
OF-CLIENT-714, MacBookPro16,2, Tue Jul 27 12:09:18 CEST 2021, 11.3.1, 16
OF-CLIENT-715, MacBookPro15,1, Tue Jul 27 17:18:19 CEST 2021, 11.5.1, 32
OF-CLIENT-716, MacBookPro14,3, Wed Jul 28 13:52:12 CEST 2021, 11.5.1, 16
OF-CLIENT-717, MacBookPro15,1, Wed Jul 28 16:09:44 CEST 2021, 11.5.1, 32
OF-CLIENT-718, MacBookPro14,1, Wed Jul 28 16:41:03 CEST 2021, 11.5.1, 16
OF-CLIENT-719, MacBookPro16,1, Thu Jul 29 10:38:38 CEST 2021, 11.3.1, 32
OF-CLIENT-720, MacBookPro16,1, Tue Aug 3 11:43:46 CEST 2021, 11.3.1, 32
OF-CLIENT-721, MacBookPro16,2, Wed Aug 4 11:20:08 CEST 2021, 11.5.1, 16
OF-CLIENT-722, MacBookPro14,1, Tue Aug 10 10:22:06 CEST 2021, 11.5.1, 16
OF-CLIENT-723, MacBookPro14,1, Wed Aug 11 10:53:43 CEST 2021, 11.5.1, 16
OF-CLIENT-724, MacBookPro14,1, Fri Aug 13 14:37:47 CEST 2021, 11.5.2, 16
OF-CLIENT-725, MacBookPro16,1, Mon Aug 16 15:45:31 CEST 2021, 11.5.2, 32
OF-CLIENT-726, MacBookPro16,2, Tue Aug 17 10:15:23 CEST 2021, 11.5.2, 16
OF-CLIENT-727, MacBookPro14,1, Mon Aug 23 09:26:57 CEST 2021, 11.5.2, 16
OF-CLIENT-728, MacBookPro16,2, Mon Aug 23 17:08:31 CEST 2021, 11.5.1, 16
OF-CLIENT-729, MacBookPro15,1, Tue Aug 24 17:29:40 CEST 2021, 11.4, 32
OF-CLIENT-730, MacBookPro16,2, Tue Aug 24 17:30:16 CEST 2021, 11.5.1, 16
OF-CLIENT-731, MacBookPro14,1, Wed Aug 25 13:19:46 CEST 2021, 11.5.2, 16
OF-CLIENT-732, MacBookPro16,2, Fri Aug 27 12:45:00 CEST 2021, 11.5.1, 16
OF-CLIENT-733, MacBookPro14,1, Mon Aug 30 13:55:01 CEST 2021, 10.15.7, 16
OF-CLIENT-734, MacBookPro16,2, Tue Aug 31 16:43:46 CEST 2021, 11.5.2, 16
OF-CLIENT-735, MacBookPro16,1, Wed Sep 1 16:04:43 CEST 2021, 11.5.2, 16
OF-CLIENT-736, MacBookPro14,1, Thu Sep 2 13:21:59 CEST 2021, 10.15.7, 16
OF-CLIENT-737, MacBookPro16,2, Fri Sep 3 14:10:52 CEST 2021, 11.2.3, 16
OF-CLIENT-738, MacBookPro14,1, Tue Sep 14 10:05:11 CEST 2021, 11.5.2, 16
OF-CLIENT-739, MacBookPro14,3, Wed Sep 15 11:12:25 CEST 2021, 11.4, 16
OF-CLIENT-740, MacBookPro16,2, Wed Sep 15 14:41:53 CEST 2021, 11.5.2, 16
OF-CLIENT-741, MacBookPro16,2, Wed Sep 15 14:42:53 CEST 2021, 11.5.2, 16
OF-CLIENT-742, MacBookPro16,2, Wed Sep 15 14:42:55 CEST 2021, 11.5.2, 16
OF-CLIENT-743, MacBookPro16,2, Wed Sep 15 14:43:56 CEST 2021, 11.5.2, 16
OF-CLIENT-744, MacBookPro16,2, Wed Sep 15 14:44:18 CEST 2021, 11.5.2, 16
OF-CLIENT-745, MacBookPro16,2, Thu Sep 16 11:48:13 CEST 2021, 11.3.1, 16
OF-CLIENT-746, MacBookPro16,2, Thu Sep 16 12:43:10 CEST 2021, 11.5.2, 16
OF-CLIENT-747, MacBookPro14,1, Wed Sep 22 16:13:50 CEST 2021, 11.6, 8
OF-CLIENT-748, MacBookPro16,1, Thu Sep 23 11:45:00 CEST 2021, 11.5.2, 32
OF-CLIENT-749, MacBookPro16,1, Thu Sep 23 11:45:19 CEST 2021, 11.5.2, 32
OF-CLIENT-750, MacBookPro16,1, Thu Sep 23 11:56:44 CEST 2021, 11.5.2, 32
OF-CLIENT-751, MacBookPro16,1, Thu Sep 23 11:59:02 CEST 2021, 11.5.2, 32
OF-CLIENT-752, MacBookPro14,1, Thu Sep 23 12:54:10 CEST 2021, 11.6, 16
OF-CLIENT-753, MacBookPro14,1, Thu Sep 23 14:21:21 CEST 2021, 11.6, 16
OF-CLIENT-754, MacBookPro16,2, Mon Sep 27 11:19:34 CEST 2021, 11.5.2, 16
OF-CLIENT-755, MacBookPro15,2, Mon Sep 27 12:36:15 CEST 2021, 11.6, 16
OF-CLIENT-756, MacBookPro16,1, Mon Sep 27 15:27:36 CEST 2021, 11.6, 32
OF-CLIENT-757, MacBookPro16,2, Mon Sep 27 16:43:09 CEST 2021, 11.3.1, 16
OF-CLIENT-758, MacBookPro14,3, Tue Sep 21 08:31:03 CEST 2021, 11.4, 16
OF-CLIENT-759, MacBookPro16,2, Mon Oct 4 17:04:19 CEST 2021, 11.6, 16
OF-CLIENT-760, MacBookPro14,1, Tue Oct 5 14:02:17 CEST 2021, 11.6, 16
OF-CLIENT-761, MacBookPro14,1, Tue Oct 5 14:14:36 CEST 2021, 11.6, 16
OF-CLIENT-762, MacBookPro15,1, Tue Oct 5 15:02:33 CEST 2021, 11.6, 32
OF-CLIENT-763, MacBookPro14,1, Tue Oct 5 15:11:22 CEST 2021, 11.6, 16
OF-CLIENT-764, MacBookPro15,1, Tue Oct 5 15:20:44 CEST 2021, 11.6, 32
OF-CLIENT-765, MacBookPro15,2, Tue Oct 5 15:28:10 CEST 2021, 11.5.2, 16
OF-CLIENT-766, MacBookPro14,1, Tue Oct 5 15:33:28 CEST 2021, 11.6, 16
OF-CLIENT-767, MacBookPro14,1, Tue Oct 5 15:39:15 CEST 2021, 11.6, 16
OF-CLIENT-768, MacBookPro16,1, Tue Oct 5 17:17:09 CEST 2021, 11.6, 16
OF-CLIENT-769, MacBookPro16,1, Mon Oct 11 10:57:07 CEST 2021, 11.6, 32
OF-CLIENT-770, MacBookPro15,2, Mon Oct 11 14:07:50 CEST 2021, 11.5.2, 16
OF-CLIENT-771, MacBookPro14,1, Fri Sep 24 03:28:30 CEST 2021, 11.6, 16
OF-CLIENT-772, MacBookPro14,1, Wed Oct 13 14:10:31 CEST 2021, 11.6, 16
OF-CLIENT-773, MacBookPro15,2, Wed Oct 13 14:29:57 CEST 2021, 11.5.2, 16
OF-CLIENT-774, MacBookPro16,2, Wed Oct 13 14:49:10 CEST 2021, 11.6, 16
OF-CLIENT-775, MacBookPro14,1, Wed Oct 13 15:01:12 CEST 2021, 11.2.3, 16
OF-CLIENT-776, MacBookPro14,1, Wed Oct 13 15:06:11 CEST 2021, 11.6, 16
OF-CLIENT-777, MacBookPro14,3, Thu Oct 14 11:17:30 CEST 2021, 11.6, 16
OF-CLIENT-778, MacBookPro16,2, Thu Oct 14 12:20:08 CEST 2021, 11.5.2, 16
OF-CLIENT-779, MacBookPro14,1, Mon Oct 18 17:02:27 CEST 2021, 11.6, 16
OF-CLIENT-780, MacBookPro14,1, Mon Oct 18 17:08:34 CEST 2021, 11.6, 16
OF-CLIENT-781, MacBookPro16,1, Mon Oct 25 12:19:27 CEST 2021, 11.6, 16
OF-CLIENT-782, MacBookPro15,1, Mon Oct 25 13:04:49 CEST 2021, 11.6, 32
OF-CLIENT-783, MacBookPro16,1, Mon Oct 25 14:06:37 CEST 2021, 11.6, 16
OF-CLIENT-784, MacBookAir10,1, Tue Oct 26 11:30:45 CEST 2021, 11.6, 16
OF-CLIENT-785, MacBookPro14,1, Tue Oct 26 13:43:12 CEST 2021, 11.2.3, 16
OF-CLIENT-786, MacBookPro14,1, Thu Oct 28 12:21:55 CEST 2021, 11.6, 16
OF-CLIENT-787, MacBookPro17,1, Thu Oct 28 06:20:14 PDT 2021, 11.6, 16
OF-CLIENT-788, MacBookPro17,1, Thu Oct 28 17:20:18 CEST 2021, 11.6, 16
OF-CLIENT-789, MacBookPro17,1, Fri Oct 29 12:06:58 CEST 2021, 11.6, 16
                                                                       OF-CLIENT-790, MacBookPro16,1, Mon Nov 1 13:20:26 CET 2021, 11.6.1, 32
OF-CLIENT-791, MacBookPro17,1, Tue Nov 9 10:08:09 CET 2021, 11.6, 16
OF-CLIENT-792, MacBookPro17,1, Tue Nov 9 10:08:37 CET 2021, 11.6, 16
OF-CLIENT-793, MacBookPro14,1, Tue Nov 9 11:20:33 CET 2021, 12.0.1, 16
OF-CLIENT-794, MacBookPro14,1, Tue Nov 9 17:01:13 CET 2021, 12.0.1, 16
OF-CLIENT-795, MacBookPro17,1, Wed Nov 10 12:24:42 CET 2021, 11.6, 16
OF-CLIENT-796, MacBookPro16,1, Wed Nov 10 13:21:26 CET 2021, 11.6, 16
OF-CLIENT-797, MacBookPro17,1, Wed Nov 10 14:53:37 CET 2021, 11.6, 16
OF-CLIENT-798, MacBookPro14,1, Wed Nov 10 15:47:53 CET 2021, 11.5.2, 16
OF-CLIENT-799, MacBookPro17,1, Thu Nov 11 09:23:31 CET 2021, 11.6, 16
OF-CLIENT-800, MacBookPro17,1, Thu Nov 11 09:24:06 CET 2021, 11.6, 16
OF-CLIENT-801, MacBookPro16,1, Tue Nov 16 11:59:17 CET 2021, 11.6, 32
OF-CLIENT-802, MacBookPro18,1, Tue Nov 16 12:26:43 CET 2021, 12.0.1, 32
OF-CLIENT-803, MacBookPro18,1, Wed Nov 17 15:02:38 CET 2021, 12.0.1, 32
                                                                                                                                                                                                                                                                                                                                                                                                                                                                                                                                                                                                                                                                                                                                                                                                                                                                                      OF-CLIENT-804, MacBookPro17,1, Mon Dec 6 10:55:20 CET 2021, 11.6, 16
OF-CLIENT-817, MacBookPro17,1, Mon Dec 6 11:00:46 CET 2021, 11.6, 16
OF-CLIENT-818, MacBookPro14,1, Mon Dec 6 12:47:49 CET 2021, 11.6.1, 16
OF-CLIENT-819, MacBookPro14,1, Mon Dec 6 13:02:07 CET 2021, 11.6.1, 16
OF-CLIENT-820, MacBookPro18,2, Mon Dec 6 13:13:12 CET 2021, 12.0, 32
OF-CLIENT-821, MacBookPro18,1, Mon Dec 6 15:01:11 CET 2021, 12.0.1, 32
OF-CLIENT-822, MacBookPro17,1, Tue Dec 7 10:18:23 CET 2021, 11.6, 16
                                                                       OF-CLIENT-823, MacBookPro17,1, Tue Dec 7 15:20:15 CET 2021, 11.6, 16
OF-CLIENT-824, MacBookPro17,1, Tue Dec 7 16:03:54 CET 2021, 11.6, 16
OF-CLIENT-825, MacBookPro18,1, Thu Dec 9 14:17:24 CET 2021, 12.0.1, 32
OF-CLIENT-826, MacBookPro17,1, Fri Dec 10 11:20:04 CET 2021, 11.6, 16
OF-CLIENT-827, MacBookPro17,1, Fri Dec 10 11:35:15 CET 2021, 11.6, 16
OF-CLIENT-828, MacBookPro17,1, Fri Dec 10 11:54:28 CET 2021, 11.6, 16
OF-CLIENT-829, MacBookPro18,1, Fri Dec 10 12:13:35 CET 2021, 12.0.1, 32
                                                                                                                                                                                                                                                                                                                                                                                                                                                                                                                                                                                                                                                                                                                                                                                                                                                                                                                                                                                                                                                                                                                                                                                                                                                                                                                                                                                                                                                                                                                                                                                                                                                                                                                                                                                                                                                          OF-CLIENT-830, MacBookPro16,1, Fri Dec 17 12:33:06 CET 2021, 11.6.2, 16
OF-CLIENT-831, MacBookPro15,1, Fri Dec 17 12:51:42 CET 2021, 11.6.2, 32
OF-CLIENT-832, MacBookPro15,1, Fri Dec 17 13:44:07 CET 2021, 12.1, 32
OF-CLIENT-833, MacBookPro15,2, Fri Dec 17 13:54:32 CET 2021, 12.1, 16
OF-CLIENT-834, MacBookPro14,1, Fri Dec 17 14:13:15 CET 2021, 12.1, 16
OF-CLIENT-835, MacBookPro16,2, Tue Jan 4 14:42:40 CET 2022, 12.1, 16
OF-CLIENT-836, MacBookPro17,1, Thu Jan 6 12:30:10 CET 2022, 12.0.1, 16
OF-CLIENT-849, MacBookPro17,1, Fri Jan 7 10:41:23 CET 2022, 12.0.1, 16
OF-CLIENT-850, MacBookPro18,1, Fri Jan 7 16:16:45 CET 2022, 12.1, 32
OF-CLIENT-851, MacBookPro18,1, Mon Jan 10 12:07:40 CET 2022, 12.0.1, 32
OF-CLIENT-852, MacBookPro17,1, Mon Jan 10 12:40:51 CET 2022, 12.0.1, 16
OF-CLIENT-853, MacBookPro18,1, Tue Jan 11 12:59:29 CET 2022, 12.0.1, 32
OF-CLIENT-854, MacBookPro18,1, Tue Jan 11 14:52:15 CET 2022, 12.1, 32
OF-CLIENT-855, MacBookPro17,1, Wed Jan 12 12:36:44 CET 2022, 12.0.1, 16
OF-CLIENT-856, MacBookPro17,1, Wed Jan 12 13:23:18 CET 2022, 12.0.1, 16
OF-CLIENT-857, MacBookPro17,1, Wed Jan 12 14:37:28 CET 2022, 12.0.1, 16
OF-CLIENT-858, MacBookPro17,1, Wed Jan 12 16:47:53 CET 2022, 12.0.1, 16
OF-CLIENT-859, MacBookPro17,1, Thu Jan 13 10:42:36 CET 2022, 12.0.1, 16
OF-CLIENT-860, MacBookPro17,1, Thu Jan 13 12:54:47 CET 2022, 12.0.1, 16
OF-CLIENT-861, MacBookPro18,1, Thu Jan 13 16:02:05 CET 2022, 12.1, 32
OF-CLIENT-862, MacBookPro14,3, Fri Jan 14 14:58:08 CET 2022, 12.1, 16
OF-CLIENT-863, MacBookPro15,1, Mon Jan 17 14:58:51 CET 2022, 12.1, 32
OF-CLIENT-864, MacBookPro14,1, Mon Jan 17 15:30:53 CET 2022, 12.1, 16
OF-CLIENT-865, MacBookPro18,1, Wed Jan 19 11:50:10 CET 2022, 12.0.1, 32
OF-CLIENT-866, MacBookPro17,1, Wed Jan 19 14:01:13 CET 2022, 12.0.1, 16
OF-CLIENT-867, MacBookPro18,1, Wed Jan 19 15:44:03 CET 2022, 12.0.1, 32
OF-CLIENT-868, MacBookPro17,1, Wed Jan 19 16:29:41 CET 2022, 12.0.1, 16
OF-CLIENT-869, MacBookPro17,1, Wed Jan 19 16:57:46 CET 2022, 12.0.1, 16
OF-CLIENT-870, MacBookPro15,2, Fri Jan 21 12:37:17 CET 2022, 12.1, 16
OF-CLIENT-871, MacBookPro18,1, Fri Jan 21 14:25:40 CET 2022, 12.0.1, 32
OF-CLIENT-872, MacBookPro18,1, Fri Jan 21 14:28:53 CET 2022, 12.0.1, 32
OF-CLIENT-873, MacBookPro18,1, Fri Jan 21 14:33:53 CET 2022, 12.0.1, 32
                                                                                                                                                                                                                                                                                                                                                                    OF-CLIENT-874, MacBookPro16,1, Thu Feb 3 11:58:47 CET 2022, 12.2, 32
OF-CLIENT-875, MacBookAir10,1, Fri Feb 4 12:21:11 CET 2022, 12.1, 16
OF-CLIENT-881, MacBookPro14,1, Fri Feb 4 14:11:13 CET 2022, 11.6.3, 16
OF-CLIENT-882, MacBookPro15,4, Fri Feb 4 14:40:10 CET 2022, 12.2, 16
OF-CLIENT-883, MacBookPro15,4, Mon Feb 7 12:03:13 CET 2022, 12.2, 16
OF-CLIENT-884, MacBookAir10,1, Mon Feb 7 12:56:51 CET 2022, 12.1, 16
OF-CLIENT-885, MacBookPro16,1, Mon Feb 7 14:20:50 CET 2022, 12.2, 32
OF-CLIENT-886, MacBookPro15,1, Mon Feb 7 14:33:24 CET 2022, 12.2, 32
OF-CLIENT-887, MacBookPro14,1, Mon Feb 7 15:57:41 CET 2022, 12.2, 16
OF-CLIENT-888, MacBookPro14,1, Mon Feb 7 16:10:43 CET 2022, 12.2, 16
OF-CLIENT-889, MacBookPro18,1, Tue Feb 8 15:12:31 CET 2022, 12.0.1, 32
OF-CLIENT-890, MacBookPro14,1, Wed Feb 9 13:38:47 CET 2022, 12.2, 16
OF-CLIENT-891, MacBookAir10,1, Thu Feb 10 14:10:06 CET 2022, 12.1, 16
OF-CLIENT-892, MacBookAir10,1, Thu Feb 10 14:36:37 CET 2022, 12.1, 16
OF-CLIENT-893, MacBookAir10,1, Thu Feb 10 14:49:52 CET 2022, 12.1, 16
OF-CLIENT-894, MacBookAir10,1, Thu Feb 10 15:10:39 CET 2022, 12.1, 16
OF-CLIENT-895, MacBookAir10,1, Thu Feb 10 15:23:58 CET 2022, 12.1, 16
OF-CLIENT-896, MacBookAir10,1, Thu Feb 10 15:37:17 CET 2022, 12.1, 16
OF-CLIENT-897, MacBookPro15,1, Thu Feb 10 16:16:41 CET 2022, 12.2, 32
OF-CLIENT-898, MacBookPro18,1, Fri Feb 11 11:26:28 CET 2022, 12.0.1, 32
                                                                                                                                                                                                                                                                                                                                                                                                                                                                                                                                                                                                                                                          OF-CLIENT-899, MacBookPro18,3, Thu Mar 3 17:14:26 CET 2022, 12.1, 16
OF-CLIENT-900, MacBookAir10,1, Fri Mar 4 11:09:21 CET 2022, 12.2.1, 16
OF-CLIENT-901, MacBookAir10,1, Fri Mar 4 12:39:54 CET 2022, 12.2.1, 16
OF-CLIENT-902, MacBookAir10,1, Mon Mar 7 11:35:54 CET 2022, 12.2.1, 16
                                                                                                                                                                                                                                                                                                                                                                                                                                                                                                                                                                                                                                                                                                                                                                                                                                                                                                                                                                                                                                                                                                                                                                                                                                                                                                                                                                                                                                                                                                                                                                                                                              OF-CLIENT-903, MacBookPro18,3, Tue Mar 29 15:49:12 CEST 2022, 12.2.1, 32
OF-CLIENT-931, MacBookPro18,3, Tue Mar 29 16:09:35 CEST 2022, 12.2.1, 32
OF-CLIENT-932, MacBookPro18,1, Wed Mar 30 12:03:44 CEST 2022, 12.2.1, 32
OF-CLIENT-933, MacBookPro18,1, Wed Mar 30 13:46:16 CEST 2022, 12.2.1, 32
OF-CLIENT-934, MacBookPro18,1, Wed Mar 30 14:00:08 CEST 2022, 12.2.1, 32
OF-CLIENT-935, MacBookPro18,1, Wed Mar 30 14:16:28 CEST 2022, 12.2.1, 32
OF-CLIENT-936, MacBookPro18,1, Thu Mar 31 11:59:45 CEST 2022, 12.2.1, 32
OF-CLIENT-937, MacBookPro18,1, Thu Mar 31 12:30:41 CEST 2022, 12.2.1, 32
OF-CLIENT-938, MacBookPro14,1, Thu Mar 31 16:53:05 CEST 2022, 12.2.1, 16
OF-CLIENT-939, MacBookPro18,1, Fri Apr 1 15:52:53 CEST 2022, 12.2.1, 32
OF-CLIENT-940, MacBookPro16,1, Fri Apr 1 16:23:55 CEST 2022, 12.3.1, 16
OF-CLIENT-941, MacBookPro18,1, Mon Apr 4 12:25:03 CEST 2022, 12.2.1, 32
OF-CLIENT-942, MacBookPro18,3, Thu Apr 7 11:46:57 CEST 2022, 12.2.1, 16
OF-CLIENT-943, MacBookPro18,3, Thu Apr 7 12:00:57 CEST 2022, 12.2.1, 16
OF-CLIENT-944, MacBookPro18,3, Thu Apr 7 13:06:18 CEST 2022, 12.2.1, 16
OF-CLIENT-945, MacBookPro16,1, Fri Apr 8 10:57:18 CEST 2022, 11.6.5, 16
OF-CLIENT-946, MacBookPro14,1, Fri Apr 8 14:55:09 CEST 2022, 12.3.1, 16
OF-CLIENT-947, MacBookPro14,1, Fri Apr 8 15:13:23 CEST 2022, 12.3.1, 16
OF-CLIENT-948, MacBookPro18,3, Fri Apr 8 17:18:17 CEST 2022, 12.2.1, 16
OF-CLIENT-949, MacBookPro16,1, Tue Apr 12 12:17:31 CEST 2022, 12.3.1, 32
OF-CLIENT-950, MacBookPro16,1, Tue Apr 12 12:23:44 CEST 2022, 12.3.1, 16
OF-CLIENT-951, MacBookPro16,1, Tue Apr 12 16:39:53 CEST 2022, 12.3.1, 16
OF-CLIENT-952, MacBookPro14,3, Tue Apr 12 17:28:53 CEST 2022, 12.3.1, 16
OF-CLIENT-953, MacBookAir10,1, Wed Apr 13 12:00:20 CEST 2022, 12.3.1, 16
OF-CLIENT-954, MacBookPro16,1, Wed Apr 13 12:18:48 CEST 2022, 12.3.1, 32
OF-CLIENT-955, MacBookPro14,3, Wed Apr 13 12:35:17 CEST 2022, 12.3.1, 16
OF-CLIENT-956, MacBookPro14,3, Wed Apr 13 13:01:55 CEST 2022, 12.3.1, 16
OF-CLIENT-957, MacBookPro14,1, Wed Apr 13 13:50:55 CEST 2022, 12.3.1, 16
OF-CLIENT-958, MacBookPro14,3, Wed Apr 13 14:43:21 CEST 2022, 12.3.1, 16
OF-CLIENT-959, MacBookPro14,1, Thu Apr 14 12:56:55 CEST 2022, 11.6.5, 16
OF-CLIENT-960, MacBookPro16,1, Wed Apr 20 12:41:17 CEST 2022, 12.3.1, 32
OF-CLIENT-961, MacBookPro18,3, Fri Apr 22 16:01:23 CEST 2022, 12.2.1, 16
OF-CLIENT-962, MacBookPro18,3, Mon Apr 25 10:19:23 CEST 2022, 12.2.1, 16
OF-CLIENT-963, MacBookPro15,1, Mon Apr 25 12:55:12 CEST 2022, 12.3.1, 32
OF-CLIENT-964, MacBookPro18,3, Mon Apr 25 16:40:48 CEST 2022, 12.3.1, 16
OF-CLIENT-965, MacBookPro14,1, Tue Apr 26 09:07:11 CEST 2022, 11.6.5, 16
OF-CLIENT-966, MacBookPro14,1, Tue Apr 26 12:46:05 CEST 2022, 12.3.1, 16
OF-CLIENT-967, MacBookPro17,1, Mon May 2 17:10:04 CEST 2022, 12.3.1, 16
OF-CLIENT-968, MacBookPro18,1, Tue May 3 11:02:08 CEST 2022, 12.3.1, 32
OF-CLIENT-969, MacBookPro18,3, Wed May 4 11:01:57 CEST 2022, 12.2.1, 16
OF-CLIENT-970, MacBookPro18,3, Wed May 4 11:52:04 CEST 2022, 12.2.1, 16
OF-CLIENT-971, MacBookPro16,1, Fri May 6 12:58:16 CEST 2022, 12.3.1, 16
OF-CLIENT-972, MacBookPro16,1, Fri May 6 15:09:25 CEST 2022, 12.3.1, 16
OF-CLIENT-973, MacBookPro16,1, Mon May 9 10:31:02 CEST 2022, 12.3.1, 16
OF-CLIENT-974, MacBookPro14,3, Mon May 9 13:22:44 CEST 2022, 12.3.1, 16
OF-CLIENT-975, MacBookPro18,3, Tue May 10 12:03:54 CEST 2022, 12.3.1, 16
OF-CLIENT-976, MacBookPro18,3, Tue May 10 15:11:17 CEST 2022, 12.3.1, 16
OF-CLIENT-977, MacBookPro18,3, Tue May 10 15:38:34 CEST 2022, 12.3.1, 16
OF-CLIENT-978, MacBookPro18,3, Tue May 10 17:32:30 CEST 2022, 12.3.1, 16
OF-CLIENT-979, MacBookPro18,3, Tue May 10 17:39:24 CEST 2022, 12.3.1, 16
OF-CLIENT-980, MacBookPro18,3, Tue May 10 17:46:53 CEST 2022, 12.3.1, 16
OF-CLIENT-981, MacBookPro18,3, Tue May 10 17:54:14 CEST 2022, 12.3.1, 16
OF-CLIENT-982, MacBookPro15,2, Fri May 13 10:49:56 CEST 2022, 12.3.1, 16
OF-CLIENT-983, MacBookAir10,1, Fri May 13 12:09:55 CEST 2022, 12.2.1, 8
OF-CLIENT-984, MacBookAir10,1, Fri May 13 13:08:01 CEST 2022, 12.3.1, 16
OF-CLIENT-985, MacBookPro16,1, Fri May 13 14:09:45 CEST 2022, 12.3.1, 32
OF-CLIENT-986, MacBookPro17,1, Fri May 13 15:30:01 CEST 2022, 12.3.1, 16
OF-CLIENT-987, MacBookPro14,1, Mon May 16 13:53:29 CEST 2022, 12.3.1, 16
OF-CLIENT-988, MacBookPro14,1, Mon May 16 15:44:16 CEST 2022, 12.3.1, 16
OF-CLIENT-989, MacBookPro14,1, Mon May 16 15:45:04 CEST 2022, 12.3.1, 16
OF-CLIENT-990, MacBookPro14,1, Mon May 16 15:46:11 CEST 2022, 12.3.1, 16
OF-CLIENT-991, MacBookPro14,1, Mon May 16 15:47:25 CEST 2022, 12.3.1, 16
OF-CLIENT-992, MacBookPro14,1, Tue May 17 11:11:16 CEST 2022, 12.4, 16
OF-CLIENT-993, MacBookPro18,1, Fri May 20 13:11:02 CEST 2022, 12.2.1, 32
OF-CLIENT-994, MacBookAir10,1, Mon May 23 11:21:08 CEST 2022, 12.2.1, 16
OF-CLIENT-995, MacBookAir10,1, Mon May 23 11:38:52 CEST 2022, 12.2.1, 16
OF-CLIENT-996, MacBookPro15,1, Mon May 23 17:35:43 CEST 2022, 12.4, 32
OF-CLIENT-997, MacBookAir10,1, Tue May 24 10:02:56 CEST 2022, 12.2.1, 16
OF-CLIENT-998, MacBookAir10,1, Tue May 24 12:11:10 CEST 2022, 12.4, 16
OF-CLIENT-999, MacBookAir10,1, Tue May 24 12:30:36 CEST 2022, 12.4, 16
OF-CLIENT-1000, MacBookAir10,1, Tue May 24 14:09:57 CEST 2022, 12.4, 16
OF-CLIENT-1001, MacBookAir10,1, Tue May 24 14:17:47 CEST 2022, 12.4, 16
OF-CLIENT-1002, MacBookAir10,1, Tue May 24 14:26:15 CEST 2022, 12.4, 16
OF-CLIENT-1003, MacBookAir10,1, Tue May 24 14:31:22 CEST 2022, 12.2.1, 16
OF-CLIENT-1004, MacBookAir10,1, Tue May 24 15:26:51 CEST 2022, 12.4, 16
OF-CLIENT-1005, MacBookAir10,1, Tue May 24 15:28:21 CEST 2022, 12.2.1, 16
OF-CLIENT-1006, MacBookAir10,1, Tue May 24 15:34:15 CEST 2022, 12.4, 16
OF-CLIENT-1007, MacBookAir10,1, Tue May 24 15:38:37 CEST 2022, 12.4, 16
OF-CLIENT-1008, MacBookAir10,1, Tue May 24 15:38:57 CEST 2022, 12.2.1, 16
OF-CLIENT-1009, MacBookAir10,1, Tue May 24 15:51:12 CEST 2022, 12.2.1, 16
OF-CLIENT-1010, MacBookPro16,2, Tue May 24 16:19:24 CEST 2022, 12.4, 16
OF-CLIENT-1011, MacBookPro18,3, Tue May 24 16:27:01 CEST 2022, 12.2.1, 16
OF-CLIENT-1012, MacBookPro18,3, Tue May 24 16:51:38 CEST 2022, 12.2.1, 16
OF-CLIENT-1013, MacBookPro18,3, Wed May 25 12:15:52 CEST 2022, 12.4, 16
OF-CLIENT-1014, MacBookPro18,3, Wed May 25 12:34:17 CEST 2022, 12.4, 16
OF-CLIENT-1015, MacBookPro18,3, Fri May 27 09:58:54 CEST 2022, 12.2.1, 16
OF-CLIENT-1016, MacBookPro18,3, Fri May 27 10:38:09 CEST 2022, 12.2, 16
OF-CLIENT-1017, MacBookPro17,1, Mon May 30 11:28:48 CEST 2022, 12.2.1, 16
OF-CLIENT-1018, MacBookPro17,1, Mon May 30 15:44:50 CEST 2022, 12.2.1, 16
OF-CLIENT-1019, MacBookPro18,1, Tue May 31 11:45:32 CEST 2022, 12.2, 32
OF-CLIENT-1020, MacBookPro18,1, Tue May 31 12:26:31 CEST 2022, 12.2, 32
OF-CLIENT-1021, MacBookAir10,1, Wed Jun 1 16:16:20 CEST 2022, 12.2.1, 16
OF-CLIENT-1022, MacBookAir10,1, Wed Jun 1 16:39:54 CEST 2022, 12.2.1, 16
OF-CLIENT-1023, MacBookPro18,1, Thu Jun 2 09:45:20 CEST 2022, 12.2, 32
OF-CLIENT-1024, MacBookPro17,1, Thu Jun 2 13:57:15 CEST 2022, 12.2.1, 16
OF-CLIENT-1025, MacBookPro17,1, Thu Jun 2 15:36:25 CEST 2022, 12.2.1, 16
OF-CLIENT-1026, MacBookPro17,1, Thu Jun 2 15:53:25 CEST 2022, 12.2.1, 16
OF-CLIENT-1027, MacBookPro17,1, Thu Jun 2 16:41:54 CEST 2022, 12.2.1, 16
OF-CLIENT-1028, MacBookPro17,1, Thu Jun 2 17:04:42 CEST 2022, 12.2.1, 16
OF-CLIENT-1023, MacBookPro18,1, Tue Jun 7 09:51:32 CEST 2022, 12.2.1, 32
OF-CLIENT-1024, MacBookPro17,1, Tue Jun 7 13:47:14 CEST 2022, 12.2.1, 16
OF-CLIENT-1025, MacBookPro17,1, Tue Jun 7 17:04:44 CEST 2022, 12.2.1, 16
OF-CLIENT-1026, MacBookPro17,1, Tue Jun 7 17:40:31 CEST 2022, 12.2.1, 16
OF-CLIENT-1027, MacBookPro18,2, Wed Jun 8 10:53:19 CEST 2022, 12.2.1, 64
OF-CLIENT-1028, MacBookPro17,1, Wed Jun 8 12:05:54 CEST 2022, 12.2.1, 16
OF-CLIENT-1029, MacBookPro17,1, Wed Jun 8 12:18:05 CEST 2022, 12.2.1, 16
OF-CLIENT-1030, MacBookAir10,1, Wed Jun 8 12:35:17 CEST 2022, 12.4, 16
OF-CLIENT-1031, MacBookAir10,1, Wed Jun 8 12:49:48 CEST 2022, 12.4, 16
OF-CLIENT-1032, MacBookAir10,1, Wed Jun 8 13:40:38 CEST 2022, 12.4, 16
OF-CLIENT-1033, MacBookAir10,1, Wed Jun 8 13:43:22 CEST 2022, 12.4, 16
OF-CLIENT-1034, MacBookAir10,1, Wed Jun 8 13:46:19 CEST 2022, 12.4, 16
OF-CLIENT-1035, MacBookPro17,1, Thu Jun 9 15:31:49 CEST 2022, 12.2.1, 16
OF-CLIENT-1036, MacBookAir10,1, Thu Jun 9 16:34:59 CEST 2022, 12.2.1, 16
OF-CLIENT-1037, MacBookAir10,1, Tue Jun 14 10:56:24 CEST 2022, 12.4, 16
OF-CLIENT-1038, MacBookAir10,1, Tue Jun 14 10:58:20 CEST 2022, 12.4, 16
OF-CLIENT-1039, MacBookAir10,1, Tue Jun 14 11:01:42 CEST 2022, 12.4, 16
OF-CLIENT-1040, MacBookAir10,1, Tue Jun 14 11:05:27 CEST 2022, 12.4, 16
OF-CLIENT-1041, MacBookAir10,1, Tue Jun 14 11:07:47 CEST 2022, 12.4, 16
OF-CLIENT-1042, MacBookAir10,1, Tue Jun 14 11:22:50 CEST 2022, 12.4, 16
OF-CLIENT-1043, MacBookAir10,1, Tue Jun 14 11:46:10 CEST 2022, 12.4, 16
OF-CLIENT-1044, MacBookAir10,1, Tue Jun 14 11:51:34 CEST 2022, 12.4, 16
OF-CLIENT-1045, MacBookAir10,1, Tue Jun 14 12:07:35 CEST 2022, 12.4, 16
OF-CLIENT-1046, MacBookPro18,1, Wed Jun 15 10:31:30 CEST 2022, 12.2.1, 32
OF-CLIENT-1047, MacBookPro18,1, Wed Jun 15 13:24:06 CEST 2022, 12.2.1, 32
OF-CLIENT-1048, MacBookPro17,1, Wed Jun 15 14:28:09 CEST 2022, 12.2.1, 16
OF-CLIENT-1049, MacBookPro16,2, Wed Jun 15 15:26:54 CEST 2022, 11.6.7, 16
OF-CLIENT-1050, MacBookPro18,1, Wed Jun 15 15:43:34 CEST 2022, 12.2.1, 32
OF-CLIENT-1051, MacBookPro17,1, Thu Jun 16 10:18:53 CEST 2022, 12.2.1, 16
                                                                                                                                                                                                                                                                                                      OF-CLIENT-1052, MacBookPro16,1, Mon Jun 20 14:41:00 CEST 2022, 11.6.7, 32
OF-CLIENT-1053, MacBookPro15,1, Mon Jun 20 16:49:26 CEST 2022, 12.4, 32
OF-CLIENT-1054, MacBookPro14,3, Mon Jun 20 17:00:06 CEST 2022, 12.4, 16
OF-CLIENT-1055, MacBookAir10,1, Wed Jun 22 10:30:04 CEST 2022, 12.2.1, 16
OF-CLIENT-1056, MacBookAir10,1, Wed Jun 22 10:49:42 CEST 2022, 12.2.1, 16
OF-CLIENT-1057, MacBookAir10,1, Wed Jun 22 11:06:37 CEST 2022, 12.2.1, 16
OF-CLIENT-1058, MacBookAir10,1, Wed Jun 22 16:41:58 CEST 2022, 12.2.1, 16
                                                                          OF-CLIENT-1059, MacBookAir10,1, Thu Jun 23 09:25:25 CEST 2022, 12.2.1, 16
OF-CLIENT-1060, MacBookAir10,1, Thu Jun 23 10:52:52 CEST 2022, 12.2.1, 16
OF-CLIENT-1061, MacBookAir10,1, Mon Jun 27 09:28:35 CEST 2022, 12.3, 16
OF-CLIENT-1062, MacBookPro18,1, Mon Jun 27 10:37:46 CEST 2022, 12.2.1, 32
OF-CLIENT-1063, MacBookPro18,1, Mon Jun 27 10:52:15 CEST 2022, 12.2.1, 32
OF-CLIENT-1064, MacBookPro18,1, Mon Jun 27 11:08:43 CEST 2022, 12.2.1, 32
OF-CLIENT-1065, MacBookPro18,1, Mon Jun 27 11:27:40 CEST 2022, 12.2.1, 32
OF-CLIENT-1066, MacBookPro18,1, Mon Jun 27 11:37:39 CEST 2022, 12.2.1, 32
OF-CLIENT-1067, MacBookPro18,1, Mon Jun 27 11:42:55 CEST 2022, 12.2.1, 32
OF-CLIENT-1068, MacBookAir10,1, Mon Jun 27 13:05:40 CEST 2022, 12.2.1, 16
OF-CLIENT-1069, MacBookAir10,1, Mon Jun 27 13:44:34 CEST 2022, 12.2.1, 16
OF-CLIENT-1070, MacBookAir10,1, Mon Jun 27 14:55:04 CEST 2022, 12.2.1, 16
OF-CLIENT-1071, MacBookPro18,3, Mon Jun 27 15:36:55 CEST 2022, 12.2.1, 16
OF-CLIENT-1072, MacBookPro18,1, Thu Jun 30 10:04:22 CEST 2022, 12.2.1, 32
OF-CLIENT-1073, MacBookPro18,1, Thu Jun 30 11:02:23 CEST 2022, 12.2.1, 32
OF-CLIENT-1074, MacBookPro18,1, Thu Jun 30 16:28:44 CEST 2022, 12.3, 32
OF-CLIENT-1075, MacBookPro18,3, Mon Jul 4 11:49:05 CEST 2022, 12.2.1, 16
OF-CLIENT-1076, MacBookPro18,3, Mon Jul 4 12:00:40 CEST 2022, 12.2.1, 16
OF-CLIENT-1077, MacBookPro18,3, Mon Jul 4 12:08:50 CEST 2022, 12.2.1, 16
OF-CLIENT-1078, MacBookPro18,3, Mon Jul 4 12:24:30 CEST 2022, 12.2.1, 16
OF-CLIENT-1079, MacBookPro18,3, Mon Jul 4 13:00:19 CEST 2022, 12.2.1, 16
OF-CLIENT-1080, MacBookAir10,1, Mon Jul 4 13:10:34 CEST 2022, 12.3.1, 16
OF-CLIENT-1081, MacBookAir10,1, Mon Jul 4 13:27:48 CEST 2022, 12.2.1, 16
OF-CLIENT-1082, MacBookPro18,1, Mon Jul 4 15:38:55 CEST 2022, 12.3, 32
OF-CLIENT-1083, MacBookAir10,1, Tue Jul 5 10:31:48 CEST 2022, 12.3, 16
OF-CLIENT-1084, MacBookPro18,1, Tue Jul 5 11:25:12 CEST 2022, 12.3, 32
OF-CLIENT-1085, MacBookPro18,1, Tue Jul 5 11:51:34 CEST 2022, 12.3, 32
OF-CLIENT-1086, MacBookPro18,3, Tue Jul 5 15:49:48 CEST 2022, 12.1, 16
OF-CLIENT-1087, MacBookPro18,1, Tue Jul 5 17:05:58 CEST 2022, 12.2.1, 32
OF-CLIENT-1088, MacBookAir10,1, Wed Jul 6 11:43:25 CEST 2022, 12.3, 16
OF-CLIENT-1089, MacBookAir10,1, Wed Jul 6 12:41:42 CEST 2022, 12.2.1, 16
OF-CLIENT-1090, MacBookAir10,1, Thu Jul 7 12:32:19 CEST 2022, 12.3, 16
OF-CLIENT-1091, MacBookPro18,1, Wed Jul 13 12:05:12 CEST 2022, 12.3, 32
OF-CLIENT-1092, MacBookAir10,1, Wed Jul 13 13:44:46 CEST 2022, 12.2.1, 16
OF-CLIENT-1093, MacBookPro18,1, Wed Jul 13 16:20:18 CEST 2022, 12.3, 32
OF-CLIENT-1094, MacBookPro18,1, Thu Jul 14 15:23:17 CEST 2022, 12.3, 32
OF-CLIENT-1095, MacBookPro18,3, Thu Jul 14 16:52:22 CEST 2022, 12.3, 32
OF-CLIENT-1096, MacBookPro18,1, Fri Jul 15 12:05:17 CEST 2022, 12.3, 32
OF-CLIENT-1097, MacBookPro18,1, Fri Jul 15 12:28:36 CEST 2022, 12.3, 32
OF-CLIENT-1098, MacBookPro18,3, Wed Jul 20 09:08:53 CEST 2022, 12.2.1, 16
OF-CLIENT-1099, MacBookAir10,1, Wed Jul 20 10:20:18 CEST 2022, 12.2.1, 16
OF-CLIENT-1100, MacBookAir10,1, Wed Jul 20 10:43:13 CEST 2022, 12.2.1, 8
OF-CLIENT-1101, MacBookAir10,1, Wed Jul 20 11:04:05 CEST 2022, 12.2.1, 16
OF-CLIENT-1102, MacBookPro18,3, Wed Jul 20 11:47:18 CEST 2022, 12.2.1, 16
OF-CLIENT-1103, MacBookPro16,1, Thu Jul 21 14:17:39 CEST 2022, 11.6.8, 16
OF-CLIENT-1104, MacBookPro15,1, Thu Jul 21 15:14:57 CEST 2022, 12.4, 32
OF-CLIENT-1105, MacBookAir10,1, Thu Jul 21 15:36:48 CEST 2022, 12.2.1, 16
OF-CLIENT-1106, MacBookPro18,3, Thu Jul 21 16:02:54 CEST 2022, 12.2, 16
OF-CLIENT-1107, MacBookPro18,1, Fri Jul 22 11:29:35 CEST 2022, 12.3, 32
OF-CLIENT-1108, MacBookPro16,2, Fri Jul 22 13:21:51 CEST 2022, 12.5, 16
OF-CLIENT-1109, MacBookPro18,3, Fri Jul 22 14:04:28 CEST 2022, 12.2.1, 16
OF-CLIENT-1110, MacBookAir10,1, Fri Jul 22 14:14:43 CEST 2022, 12.2.1, 16
OF-CLIENT-1111, MacBookPro18,1, Mon Jul 25 10:29:47 CEST 2022, 12.3, 32
OF-CLIENT-1112, MacBookPro18,1, Mon Jul 25 11:09:49 CEST 2022, 12.3, 32
OF-CLIENT-1113, MacBookAir10,1, Mon Jul 25 11:22:48 CEST 2022, 12.3, 16
OF-CLIENT-1114, MacBookPro16,2, Mon Jul 25 12:42:26 CEST 2022, 11.6.8, 16
OF-CLIENT-1115, MacBookPro16,2, Mon Jul 25 13:37:06 CEST 2022, 12.5, 16
OF-CLIENT-1116, MacBookAir10,1, Mon Jul 25 14:03:23 CEST 2022, 12.3, 16
OF-CLIENT-1117, MacBookPro18,1, Tue Jul 26 12:37:44 CEST 2022, 12.3, 32
OF-CLIENT-1118, MacBookAir10,1, Tue Jul 26 16:04:01 CEST 2022, 12.2.1, 16
OF-CLIENT-1119, MacBookPro18,1, Wed Jul 27 08:28:21 CEST 2022, 12.3, 32
OF-CLIENT-1120, MacBookPro18,1, Wed Jul 27 10:30:28 CEST 2022, 12.3, 32
OF-CLIENT-1121, MacBookPro18,3, Thu Jul 28 13:02:42 CEST 2022, 12.2, 16
OF-CLIENT-1122, MacBookPro18,1, Thu Jul 28 14:17:51 CEST 2022, 12.3, 32
OF-CLIENT-1123, MacBookAir10,1, Thu Jul 28 16:48:46 CEST 2022, 12.2.1, 16
OF-CLIENT-1124, MacBookPro18,1, Mon Aug 1 14:46:43 CEST 2022, 12.2, 32
OF-CLIENT-1125, MacBookAir10,1, Tue Aug 2 11:22:06 CEST 2022, 12.2.1, 16
OF-CLIENT-1126, MacBookPro18,3, Tue Aug 2 16:23:43 CEST 2022, 12.2, 16
OF-CLIENT-1127, MacBookPro18,3, Mon Aug 8 15:25:11 CEST 2022, 12.3, 32
OF-CLIENT-1128, MacBookPro18,1, Wed Aug 10 11:38:45 CEST 2022, 12.3, 32
OF-CLIENT-1129, MacBookAir10,1, Wed Aug 10 12:05:25 CEST 2022, 12.3, 16
OF-CLIENT-1130, MacBookAir10,1, Wed Aug 10 12:40:48 CEST 2022, 12.2.1, 8
OF-CLIENT-1131, MacBookPro18,1, Wed Aug 10 15:08:46 CEST 2022, 12.3, 32
OF-CLIENT-1132, MacBookPro18,1, Thu Aug 11 11:55:50 CEST 2022, 12.3, 32
OF-CLIENT-1133, MacBookPro15,1, Mon Aug 15 14:40:53 CEST 2022, 11.6.1, 32
OF-CLIENT-1134, MacBookPro18,3, Tue Aug 16 09:46:17 CEST 2022, 12.5, 16
OF-CLIENT-1135, MacBookPro18,3, Tue Aug 16 14:09:09 CEST 2022, 12.5, 16
OF-CLIENT-1136, MacBookAir10,1, Wed Aug 17 16:09:11 CEST 2022, 12.2.1, 16
OF-CLIENT-1137, MacBookAir10,1, Thu Aug 18 10:22:26 CEST 2022, 12.3, 16
OF-CLIENT-1138, MacBookAir10,1, Thu Aug 18 11:23:18 CEST 2022, 12.3, 16
OF-CLIENT-1139, MacBookPro18,1, Thu Aug 18 12:09:53 CEST 2022, 12.3, 32
OF-CLIENT-1140, MacBookPro18,1, Thu Aug 18 14:44:43 CEST 2022, 12.3, 32
OF-CLIENT-1141, MacBookPro18,1, Fri Aug 19 14:43:32 CEST 2022, 12.3, 32
OF-CLIENT-1142, MacBookPro18,3, Mon Aug 22 16:29:26 CEST 2022, 12.2.1, 16
OF-CLIENT-1143, MacBookPro18,3, Mon Aug 22 17:12:53 CEST 2022, 12.2.1, 16
OF-CLIENT-1144, MacBookAir10,1, Tue Aug 23 11:26:27 CEST 2022, 12.3, 16
OF-CLIENT-1145, MacBookAir10,1, Tue Aug 23 13:52:56 CEST 2022, 12.3, 16
OF-CLIENT-1146, MacBookAir10,1, Tue Aug 23 15:35:27 CEST 2022, 12.3, 16
OF-CLIENT-1147, MacBookPro18,3, Wed Aug 24 16:37:43 CEST 2022, 12.5.1, 16
OF-CLIENT-1148, MacBookPro18,3, Fri Aug 26 10:50:19 CEST 2022, 12.2.1, 16
OF-CLIENT-1149, MacBookAir10,1, Fri Aug 26 11:13:51 CEST 2022, 12.3, 16
OF-CLIENT-1150, MacBookPro18,3, Fri Aug 26 12:14:00 CEST 2022, 12.2.1, 16
OF-CLIENT-1151, MacBookPro18,3, Tue Aug 30 12:12:48 CEST 2022, 12.2.1, 16
OF-CLIENT-1152, MacBookPro18,3, Thu Sep 1 11:18:42 CEST 2022, 12.3, 32
OF-CLIENT-1153, MacBookPro18,1, Thu Sep 1 13:49:31 CEST 2022, 12.3, 32
OF-CLIENT-1154, MacBookPro18,3, Fri Sep 2 09:29:08 CEST 2022, 12.3, 32
OF-CLIENT-1155, MacBookAir10,1, Mon Sep 5 11:23:28 CEST 2022, 12.3, 16
OF-CLIENT-1156, MacBookAir10,1, Mon Sep 5 12:48:18 CEST 2022, 12.2.1, 16
OF-CLIENT-1157, MacBookPro18,3, Mon Sep 5 14:20:46 CEST 2022, 12.1, 16
OF-CLIENT-1158, MacBookPro18,1, Tue Sep 6 12:28:33 CEST 2022, 12.3, 32
OF-CLIENT-1159, MacBookAir10,1, Tue Sep 6 15:50:32 CEST 2022, 12.2.1, 16
OF-CLIENT-1160, MacBookPro18,3, Thu Sep 8 11:55:20 CEST 2022, 12.2.1, 16
OF-CLIENT-1161, MacBookPro15,1, Thu Sep 8 15:37:01 CEST 2022, 12.5.1, 32
OF-CLIENT-1162, MacBookPro17,1, Mon Sep 12 09:49:41 CEST 2022, 12.5, 16
OF-CLIENT-1163, MacBookAir10,1, Mon Sep 12 11:31:16 CEST 2022, 12.3, 16
OF-CLIENT-1164, MacBookAir10,1, Mon Sep 12 14:54:01 CEST 2022, 12.3, 16
OF-CLIENT-1165, MacBookAir10,1, Tue Sep 13 13:07:07 CEST 2022, 12.2.1, 16
OF-CLIENT-1166, MacBookPro18,3, Tue Sep 13 14:41:36 CEST 2022, 12.1, 16
OF-CLIENT-1167, MacBookPro18,3, Fri Sep 23 11:24:17 CEST 2022, 12.3.1, 16
OF-CLIENT-1168, MacBookAir10,1, Fri Sep 23 14:33:03 CEST 2022, 12.2.1, 16
OF-CLIENT-1169, MacBookAir10,1, Tue Sep 27 14:07:55 CEST 2022, 12.2.1, 16
OF-CLIENT-1170, MacBookAir10,1, Tue Sep 27 15:58:59 CEST 2022, 12.2.1, 16
OF-CLIENT-1171, MacBookAir10,1, Tue Sep 27 16:10:54 CEST 2022, 12.2.1, 16
OF-CLIENT-1172, MacBookAir10,1, Tue Sep 27 16:45:29 CEST 2022, 12.2.1, 16
OF-CLIENT-1173, MacBookAir10,1, Wed Sep 28 10:46:11 CEST 2022, 12.3, 16
OF-CLIENT-1174, MacBookPro16,2, Wed Sep 28 13:52:03 CEST 2022, 12.4, 16
OF-CLIENT-1175, MacBookPro16,2, Wed Sep 28 14:38:11 CEST 2022, 12.6, 16
OF-CLIENT-1176, MacBookPro16,2, Wed Sep 28 14:58:05 CEST 2022, 12.6, 16
OF-CLIENT-1177, MacBookPro18,3, Thu Sep 29 11:37:18 CEST 2022, 12.2.1, 16
OF-CLIENT-1178, MacBookPro18,3, Fri Sep 30 11:51:58 CEST 2022, 12.2.1, 16
OF-CLIENT-1179, MacBookPro18,3, Fri Sep 30 13:47:57 CEST 2022, 12.5, 32
OF-CLIENT-1180, MacBookPro17,1, Fri Sep 30 14:54:38 CEST 2022, 12.6, 16
OF-CLIENT-1181, MacBookPro18,3, Fri Sep 30 16:30:24 CEST 2022, 12.5, 32
OF-CLIENT-1182, MacBookAir10,1, Tue Oct 4 09:48:45 CEST 2022, 12.2.1, 16
OF-CLIENT-1183, MacBookPro18,1, Tue Oct 4 10:08:30 CEST 2022, 12.3, 32
OF-CLIENT-1184, MacBookPro18,1, Wed Oct 5 10:12:31 CEST 2022, 12.3, 32
OF-CLIENT-1185, MacBookPro18,1, Tue Oct 11 15:44:26 CEST 2022, 12.3, 32
OF-CLIENT-1186, MacBookPro18,1, Wed Oct 12 11:21:34 CEST 2022, 12.3, 32
OF-CLIENT-1187, MacBookPro18,3, Wed Oct 12 11:39:38 CEST 2022, 12.1, 16
OF-CLIENT-1188, MacBookAir10,1, Wed Oct 12 12:16:08 CEST 2022, 12.2.1, 16
OF-CLIENT-1189, MacBookAir10,1, Wed Oct 12 13:08:10 CEST 2022, 12.3, 16
OF-CLIENT-1190, MacBookAir10,1, Wed Oct 12 13:41:53 CEST 2022, 12.3, 16
OF-CLIENT-1191, MacBookAir10,1, Thu Oct 13 11:44:28 CEST 2022, 12.2.1, 16
OF-CLIENT-1192, MacBookPro18,3, Thu Oct 13 14:43:37 CEST 2022, 12.5, 32
OF-CLIENT-1193, MacBookPro18,1, Thu Oct 13 15:22:29 CEST 2022, 12.2.1, 32
OF-CLIENT-1194, MacBookPro18,1, Fri Oct 14 14:50:09 CEST 2022, 12.3, 32
OF-CLIENT-1195, MacBookPro18,3, Mon Oct 17 13:21:56 CEST 2022, 12.5, 32
OF-CLIENT-1196, MacBookAir10,1, Mon Oct 17 14:18:37 CEST 2022, 12.2.1, 16
OF-CLIENT-1197, MacBookAir10,1, Fri Oct 21 14:07:51 CEST 2022, 12.2.1, 16
OF-CLIENT-1198, MacBookPro18,1, Fri Oct 21 16:59:48 CEST 2022, 12.3, 32
OF-CLIENT-1199, MacBookPro18,1, Mon Oct 24 16:30:15 CEST 2022, 12.5, 32
OF-CLIENT-1200, MacBookPro18,1, Tue Oct 25 09:11:33 CEST 2022, 12.5, 32
OF-CLIENT-1201, MacBookAir10,1, Wed Oct 26 15:26:03 CEST 2022, 12.2.1, 16
OF-CLIENT-1202, MacBookPro16,2, Thu Oct 27 12:03:18 CEST 2022, 13.0, 16
OF-CLIENT-1203, MacBookAir10,1, Fri Oct 28 10:52:57 CEST 2022, 12.3, 16
OF-CLIENT-1204, MacBookPro18,1, Fri Oct 28 11:38:26 CEST 2022, 12.3, 32
OF-CLIENT-1205, MacBookAir10,1, Fri Oct 28 12:20:00 CEST 2022, 12.3, 16
OF-CLIENT-1206, MacBookAir10,1, Mon Oct 31 13:55:56 CET 2022, 12.3, 16
OF-CLIENT-1207, MacBookAir10,1, Tue Nov 1 14:21:29 CET 2022, 12.2.1, 16
OF-CLIENT-1208, MacBookAir10,1, Tue Nov 1 14:49:11 CET 2022, 12.2.1, 16
OF-CLIENT-1209, MacBookPro18,3, Thu Nov 3 10:52:21 CET 2022, 12.5, 32
OF-CLIENT-1210, MacBookPro18,1, Thu Nov 3 11:05:17 CET 2022, 12.3, 32
OF-CLIENT-1211, MacBookPro18,3, Thu Nov 3 14:05:42 CET 2022, 12.5, 32
OF-CLIENT-1212, MacBookPro18,1, Mon Nov 7 13:26:26 CET 2022, 12.3, 32
OF-CLIENT-1213, MacBookPro18,1, Mon Nov 7 13:38:28 CET 2022, 12.3, 32
OF-CLIENT-1214, MacBookPro18,3, Mon Nov 7 13:53:12 CET 2022, 12.5, 32
OF-CLIENT-1215, MacBookAir10,1, Wed Nov 9 10:12:43 CET 2022, 12.2.1, 8
OF-CLIENT-1216, MacBookPro18,1, Wed Nov 9 14:07:51 CET 2022, 12.3, 32
OF-CLIENT-1217, MacBookPro18,1, Thu Nov 10 11:24:01 CET 2022, 12.2.1, 32
OF-CLIENT-1218, MacBookPro18,1, Thu Nov 10 11:37:12 CET 2022, 12.2.1, 32
OF-CLIENT-1219, MacBookPro17,1, Thu Nov 10 13:40:27 CET 2022, 12.6, 16
OF-CLIENT-1220, MacBookPro18,1, Fri Nov 11 16:09:59 CET 2022, 12.3, 32
OF-CLIENT-1221, MacBookPro18,3, Mon Nov 14 11:18:32 CET 2022, 12.5, 32
OF-CLIENT-1222, MacBookPro15,2, Mon Nov 14 13:51:03 CET 2022, 12.3.1, 16
OF-CLIENT-1223, MacBookPro16,2, Thu Nov 17 12:07:50 CET 2022, 11.7.1, 16
OF-CLIENT-1224, MacBookPro16,1, Thu Nov 17 13:43:36 CET 2022, 12.6.1, 32
OF-CLIENT-1225, MacBookAir10,1, Wed Nov 23 10:29:38 CET 2022, 12.2.1, 16
OF-CLIENT-1226, MacBookPro16,1, Fri Nov 25 11:32:08 CET 2022, 12.4, 32
OF-CLIENT-1227, MacBookPro17,1, Fri Nov 25 12:28:23 CET 2022, 12.6.1, 16
OF-CLIENT-1228, MacBookPro17,1, Fri Nov 25 12:41:07 CET 2022, 12.5, 16
OF-CLIENT-1229, MacBookPro18,3, Fri Nov 25 14:45:40 CET 2022, 12.5, 32
OF-CLIENT-1230, MacBookPro17,1, Fri Nov 25 15:13:27 CET 2022, 12.2.1, 16
OF-CLIENT-1231, MacBookAir10,1, Fri Nov 25 15:26:35 CET 2022, 12.2.1, 16
OF-CLIENT-1232, MacBookPro18,1, Fri Nov 25 15:38:05 CET 2022, 12.3, 32
OF-CLIENT-1233, MacBookPro18,3, Mon Nov 28 10:41:12 CET 2022, 13.0, 32
OF-CLIENT-1234, MacBookPro17,1, Tue Nov 29 10:59:49 CET 2022, 12.6, 16
OF-CLIENT-1235, MacBookAir10,1, Tue Nov 29 15:12:15 CET 2022, 13.0, 16
OF-CLIENT-1236, MacBookAir10,1, Tue Nov 29 16:06:06 CET 2022, 13.0, 16
OF-CLIENT-1237, MacBookAir10,1, Wed Nov 30 11:25:52 CET 2022, 13.0, 16
OF-CLIENT-1238, MacBookAir10,1, Wed Nov 30 12:30:39 CET 2022, 13.0, 16
OF-CLIENT-1239, Mac14,2, Thu Dec 1 10:31:11 CET 2022, 13.0, 24
OF-CLIENT-1240, MacBookPro18,1, Thu Dec 1 11:56:21 CET 2022, 12.3, 32
OF-CLIENT-1241, MacBookPro18,1, Thu Dec 1 15:27:12 CET 2022, 13.0.1, 32
OF-CLIENT-1242, MacBookPro18,1, Thu Dec 1 15:51:12 CET 2022, 12.3, 32
OF-CLIENT-1243, MacBookPro16,1, Fri Dec 2 17:01:38 CET 2022, 12.6.1, 16
OF-CLIENT-1244, MacBookPro18,1, Mon Dec 5 13:36:29 CET 2022, 12.3, 32
OF-CLIENT-1245, MacBookAir10,1, Mon Dec 5 15:02:07 CET 2022, 13.0, 16
OF-CLIENT-1246, MacBookPro18,3, Thu Dec 8 13:12:18 CET 2022, 12.5, 32
OF-CLIENT-1247, MacBookPro18,1, Thu Dec 8 14:25:12 CET 2022, 12.3, 32
OF-CLIENT-1248, MacBookPro18,3, Thu Dec 8 15:20:44 CET 2022, 13.0, 32
OF-CLIENT-1249, MacBookAir10,1, Tue Dec 13 16:48:28 CET 2022, 12.3, 16
OF-CLIENT-1250, MacBookPro17,1, Wed Dec 14 12:53:39 CET 2022, 12.5, 16
OF-CLIENT-1251, MacBookPro18,1, Wed Dec 14 14:25:57 CET 2022, 12.0.1, 32
OF-CLIENT-1251, MacBookPro18,1, Fri Dec 16 14:45:45 CET 2022, 12.6, 32
OF-CLIENT-1252, MacBookAir10,1, Mon Dec 19 10:12:02 CET 2022, 12.2.1, 16
OF-CLIENT-1253, MacBookPro18,3, Mon Dec 19 10:33:54 CET 2022, 12.5, 32
OF-CLIENT-1254, MacBookAir10,1, Mon Dec 19 11:50:08 CET 2022, 12.2.1, 16
OF-CLIENT-1255, MacBookPro18,1, Mon Dec 19 12:05:53 CET 2022, 12.6, 32
OF-CLIENT-1256, MacBookAir10,1, Tue Dec 20 15:11:59 CET 2022, 13.0, 16
OF-CLIENT-1257, MacBookPro18,3, Wed Dec 21 12:21:13 CET 2022, 12.2, 16
OF-CLIENT-1258, MacBookPro18,1, Thu Dec 22 11:06:34 CET 2022, 12.2.1, 32
OF-CLIENT-1259, MacBookAir10,1, Fri Dec 23 15:40:09 CET 2022, 12.2.1, 16
OF-CLIENT-1260, MacBookPro18,1, Fri Dec 23 15:49:24 CET 2022, 12.2.1, 32
OF-CLIENT-1261, MacBookAir10,1, Mon Jan 2 09:55:37 CET 2023, 12.2.1, 16
OF-CLIENT-1262, MacBookAir10,1, Mon Jan 2 11:09:10 CET 2023, 13.0, 16
OF-CLIENT-1263, MacBookAir10,1, Tue Jan 3 11:45:47 CET 2023, 12.2.1, 16
OF-CLIENT-1264, MacBookPro17,1, Thu Jan 5 10:40:16 CET 2023, 12.2.1, 16
OF-CLIENT-1265, MacBookPro18,3, Thu Jan 5 10:48:43 CET 2023, 12.2.1, 16
OF-CLIENT-1266, MacBookPro14,2, Thu Jan 5 11:38:48 CET 2023, 11.6, 8
OF-CLIENT-1267, MacBookAir10,1, Fri Jan 6 11:24:50 CET 2023, 12.6.2, 16
OF-CLIENT-1268, MacBookPro14,1, Mon Jan 9 11:12:22 CET 2023, 11.7.2, 16
OF-CLIENT-1269, MacBookPro14,1, Mon Jan 9 11:13:16 CET 2023, 11.7.2, 16
OF-CLIENT-1270, MacBookPro14,1, Mon Jan 9 11:15:35 CET 2023, 11.7.2, 16
OF-CLIENT-1271, MacBookPro14,1, Mon Jan 9 11:16:24 CET 2023, 11.7.2, 16
OF-CLIENT-1272, MacBookPro18,3, Wed Jan 11 11:04:57 CET 2023, 13.0, 32
OF-CLIENT-1273, MacBookPro15,2, Wed Jan 11 14:27:25 CET 2023, 13.1, 16
OF-CLIENT-1274, MacBookPro15,2, Wed Jan 11 14:40:46 CET 2023, 13.1, 16
OF-CLIENT-1275, MacBookPro15,2, Wed Jan 11 14:41:30 CET 2023, 13.1, 16
OF-CLIENT-1276, MacBookPro18,1, Wed Jan 11 15:08:49 CET 2023, 12.3, 32
OF-CLIENT-1277, MacBookPro16,2, Wed Jan 11 15:09:58 CET 2023, 13.1, 16
OF-CLIENT-1278, MacBookPro18,1, Thu Jan 12 11:11:22 CET 2023, 12.2.1, 32
OF-CLIENT-1279, MacBookPro18,1, Fri Jan 13 10:27:48 CET 2023, 13.1, 32
OF-CLIENT-1280, MacBookPro18,3, Fri Jan 13 15:54:15 CET 2023, 13.1, 32
OF-CLIENT-1281, MacBookPro16,1, Mon Jan 16 12:30:45 CET 2023, 12.4, 32
OF-CLIENT-1282, MacBookAir10,1, Mon Jan 16 14:57:40 CET 2023, 13.1, 16
OF-CLIENT-1283, MacBookPro18,3, Mon Jan 23 12:30:33 CET 2023, 12.6.2, 16
OF-CLIENT-1284, MacBookPro17,1, Mon Jan 23 15:02:58 CET 2023, 13.1, 16
OF-CLIENT-1285, MacBookPro18,1, Wed Jan 25 14:17:31 CET 2023, 12.4, 32
OF-CLIENT-1286, MacBookPro18,1, Wed Jan 25 16:48:59 CET 2023, 13.2, 32
OF-CLIENT-1287, MacBookPro18,3, Thu Jan 26 13:32:53 CET 2023, 13.2, 32
OF-CLIENT-1288, MacBookPro16,2, Thu Jan 26 15:03:24 CET 2023, 13.2, 16
OF-CLIENT-1289, MacBookAir10,1, Thu Jan 26 15:31:59 CET 2023, 13.2, 16
OF-CLIENT-1290, MacBookPro16,1, Fri Jan 27 10:32:44 CET 2023, 13.2, 32
OF-CLIENT-1291, MacBookPro16,1, Fri Jan 27 13:50:57 CET 2023, 13.1, 32
OF-CLIENT-1292, MacBookPro18,3, Mon Jan 30 12:30:54 CET 2023, 13.2, 32
OF-CLIENT-1293, Mac14,10, Thu Feb 2 13:38:26 CET 2023, 13.2, 32
OF-CLIENT-1294, Mac14,10, Fri Feb 3 15:05:05 CET 2023, 13.2, 32
OF-CLIENT-1295, MacBookPro18,1, Tue Feb 7 15:50:17 CET 2023, 13.0, 32
OF-CLIENT-1296, MacBookPro18,3, Tue Feb 7 15:58:41 CET 2023, 12.3.1, 16
OF-CLIENT-1296, MacBookPro18,1, Wed Feb 8 11:50:47 CET 2023, 13.0, 32
OF-CLIENT-1297, MacBookPro18,1, Wed Feb 8 13:25:39 CET 2023, 13.0, 32
OF-CLIENT-1298, MacBookPro18,3, Thu Feb 9 13:28:04 CET 2023, 12.5, 32
OF-CLIENT-1299, MacBookPro18,3, Thu Feb 9 13:52:12 CET 2023, 12.5, 32
OF-CLIENT-1300, MacBookPro18,1, Fri Feb 10 00:49:06 PST 2023, 13.0, 32
OF-CLIENT-1301, MacBookPro17,1, Fri Feb 10 02:26:21 PST 2023, 12.6.3, 16
OF-CLIENT-1302, MacBookPro17,1, Tue Feb 14 13:23:55 CET 2023, 12.6.3, 16
OF-CLIENT-1303, MacBookPro17,1, Tue Feb 14 13:24:53 CET 2023, 12.6.3, 16
OF-CLIENT-1304, MacBookPro18,3, Thu Feb 16 16:32:50 CET 2023, 13.0, 32
OF-CLIENT-1305, MacBookAir10,1, Thu Feb 16 16:53:11 CET 2023, 12.3, 16
OF-CLIENT-1306, MacBookPro18,3, Tue Feb 21 04:30:27 PST 2023, 12.6.3, 32
OF-CLIENT-1307, MacBookAir10,1, Mon Feb 27 09:32:47 CET 2023, 12.5.1, 16
OF-CLIENT-1308, MacBookPro18,1, Mon Feb 27 09:54:54 CET 2023, 12.6.3, 32
OF-CLIENT-1309, MacBookPro18,1, Tue Feb 28 10:34:32 CET 2023, 12.6.3, 32
OF-CLIENT-1310, MacBookPro18,3, Tue Feb 28 15:34:47 CET 2023, 12.6.3, 32
OF-CLIENT-1311, MacBookPro16,2, Wed Mar 1 13:46:38 CET 2023, 13.2.1, 16
OF-CLIENT-1312, MacBookPro18,3, Fri Mar 3 11:00:36 CET 2023, 13.2.1, 16
OF-CLIENT-1313, MacBookPro18,3, Fri Mar 3 11:16:57 CET 2023, 13.2.1, 16
OF-CLIENT-1314, MacBookPro18,3, Fri Mar 3 11:21:05 CET 2023, 13.2.1, 16
OF-CLIENT-1315, MacBookPro18,1, Fri Mar 3 12:20:38 CET 2023, 13.1, 32
OF-CLIENT-1316, MacBookPro18,1, Fri Mar 3 14:06:42 CET 2023, 13.1, 32
OF-CLIENT-1317, MacBookPro18,1, Mon Mar 6 05:56:00 PST 2023, 12.3.1, 32
OF-CLIENT-1318, MacBookPro18,1, Thu Mar 9 09:45:48 CET 2023, 12.6.3, 32
OF-CLIENT-1319, MacBookPro16,1, Fri Mar 10 09:54:31 CET 2023, 12.6, 32
OF-CLIENT-1320, MacBookPro18,3, Fri Mar 10 01:32:26 PST 2023, 12.2.1, 16
OF-CLIENT-1321, MacBookPro18,3, Mon Mar 13 05:38:28 PDT 2023, 12.5, 32
OF-CLIENT-1322, MacBookPro18,1, Tue Mar 14 08:35:01 PDT 2023, 13.2.1, 32
OF-CLIENT-1323, MacBookAir10,1, Thu Mar 16 09:30:31 CET 2023, 12.2.1, 16
OF-CLIENT-1324, MacBookAir10,1, Fri Mar 17 01:50:04 PDT 2023, 12.6.3, 16
OF-CLIENT-1325, MacBookAir10,1, Mon Mar 20 10:00:55 CET 2023, 13.0.1, 16
OF-CLIENT-1326, MacBookPro18,3, Tue Mar 21 11:26:17 CET 2023, 13.2.1, 32
OF-CLIENT-1327, MacBookPro18,1, Wed Mar 22 03:24:14 PDT 2023, 13.0.1, 32
OF-CLIENT-1328, MacBookAir10,1, Fri Mar 24 02:06:22 PDT 2023, 12.6.3, 16
OF-CLIENT-1329, MacBookAir10,1, Tue Mar 28 10:29:37 CEST 2023, 12.6, 16
OF-CLIENT-1330, MacBookPro17,1, Tue Mar 28 10:56:15 CEST 2023, 12.5, 16
OF-CLIENT-1331, MacBookAir10,1, Tue Mar 28 11:53:16 CEST 2023, 13.1, 16
OF-CLIENT-1332, MacBookAir10,1, Tue Mar 28 03:10:57 PDT 2023, 12.2.1, 16
OF-CLIENT-1333, MacBookAir10,1, Tue Mar 28 12:14:26 CEST 2023, 13.1, 16
OF-CLIENT-1334, MacBookAir10,1, Mon Apr 3 10:30:33 CEST 2023, 13.0, 16
OF-CLIENT-1335, MacBookPro18,1, Wed Apr 5 11:03:06 CEST 2023, 12.6.4, 32
OF-CLIENT-1336, MacBookAir10,1, Thu Apr 6 08:41:14 CEST 2023, 12.2.1, 16
OF-CLIENT-1337, MacBookPro18,1, Tue Apr 11 15:10:09 CEST 2023, 12.6.5, 32
OF-CLIENT-1338, MacBookAir10,1, Mon Apr 17 14:11:35 CEST 2023, 12.6.3, 16
OF-CLIENT-1339, MacBookPro15,2, Wed Apr 19 02:04:55 PDT 2023, 12.6.3, 16
OF-CLIENT-1340, Mac14,3, Tue Apr 25 07:15:54 PDT 2023, 13.2.1, 16
OF-CLIENT-1341, MacBookAir10,1, Wed Apr 26 10:31:50 CEST 2023, 13.3.1, 16
OF-CLIENT-1342, Mac14,3, Wed Apr 26 13:26:50 CEST 2023, 13.3.1, 16
OF-CLIENT-1343, MacBookPro16,2, Thu Apr 27 06:11:20 PDT 2023, 12.1, 16
OF-CLIENT-1344, MacBookPro16,2, Thu Apr 27 15:29:21 CEST 2023, 12.1, 16
OF-CLIENT-1345, MacBookAir10,1, Tue May 2 01:18:44 PDT 2023, 12.2.1, 16
OF-CLIENT-1346, MacBookPro16,1, Wed May 3 16:17:23 CEST 2023, 13.2.1, 16
OF-CLIENT-1347, MacBookPro14,1, Wed May 3 17:09:45 CEST 2023, 13.3.1, 16
OF-CLIENT-1348, MacBookAir10,1, Tue May 9 15:00:16 CEST 2023, 13.3.1, 16
OF-CLIENT-1349, MacBookPro18,3, Wed May 10 10:46:53 CEST 2023, 13.2.1, 16
OF-CLIENT-1350, MacBookPro18,3, Thu May 11 11:30:48 CEST 2023, 12.6.3, 32
OF-CLIENT-1351, MacBookPro18,3, Fri May 12 15:16:17 CEST 2023, 13.2.1, 32
OF-CLIENT-1352, MacBookAir10,1, Mon May 15 04:38:20 PDT 2023, 13.3.1, 16
OF-CLIENT-1353, MacBookPro16,2, Mon May 15 07:03:21 PDT 2023, 12.6.5, 16
OF-CLIENT-1354, MacBookPro17,1, Tue May 16 14:01:40 CEST 2023, 12.2.1, 16
OF-CLIENT-1355, MacBookPro18,3, Wed May 17 10:31:43 CEST 2023, 13.2.1, 32
OF-CLIENT-1356, MacBookPro18,1, Tue May 23 10:18:48 CEST 2023, 12.3, 32
OF-CLIENT-1357, MacBookPro18,3, Tue May 23 11:49:03 CEST 2023, 13.3.1, 16
OF-CLIENT-1358, MacBookPro18,3, Tue May 23 13:30:45 CEST 2023, 13.0, 32
OF-CLIENT-1359, MacBookPro16,1, Wed May 24 16:16:15 CEST 2023, 13.2.1, 16
OF-CLIENT-1360, MacBookPro18,3, Wed May 24 16:23:50 CEST 2023, 13.3.1, 16
OF-CLIENT-1361, MacBookPro18,3, Thu May 25 12:40:43 CEST 2023, 12.3, 32
OF-CLIENT-1362, MacBookPro18,3, Tue May 30 02:21:56 PDT 2023, 13.4, 32
OF-CLIENT-1363, MacBookPro18,3, Wed May 31 00:58:26 PDT 2023, 13.4, 32
OF-CLIENT-1364, Macmini8,1, Wed May 31 14:31:52 CEST 2023, 13.4, 64
OF-CLIENT-1365, MacBookAir10,1, Thu Jun 1 09:49:53 CEST 2023, 13.3, 16
OF-CLIENT-1366, Macmini8,1, Fri Jun 2 11:39:50 CEST 2023, 13.4, 64
OF-CLIENT-1367, Macmini8,1, Fri Jun 2 03:13:09 PDT 2023, 12.6.6, 64
OF-CLIENT-1368, MacBookPro18,3, Fri Jun 2 12:56:54 CEST 2023, 12.6.2, 16
OF-CLIENT-1369, Macmini8,1, Fri Jun 2 15:56:49 CEST 2023, 13.4, 16
OF-CLIENT-1370, MacBookAir10,1, Thu Jun 8 08:15:59 PDT 2023, 12.6.6, 16
OF-CLIENT-1371, MacBookPro14,1, Mon Jun 12 02:31:28 PDT 2023, 13.3.1, 16
OF-CLIENT-1372, MacBookAir10,1, Mon Jun 12 15:20:38 CEST 2023, 12.3, 16
OF-CLIENT-1373, MacBookAir10,1, Tue Jun 13 09:26:43 CEST 2023, 12.2.1, 16
OF-CLIENT-1374, MacBookPro18,3, Wed Jun 14 10:48:02 CEST 2023, 13.4, 16
OF-CLIENT-1375, MacBookPro15,1, Thu Jun 15 12:32:31 CEST 2023, 13.4, 32
OF-CLIENT-1376, MacBookAir10,1, Fri Jun 16 15:45:27 CEST 2023, 12.6.6, 16
OF-CLIENT-1377, MacBookAir10,1, Mon Jun 19 01:41:02 PDT 2023, 12.5.1, 16
OF-CLIENT-1378, MacBookPro18,3, Mon Jun 19 02:06:02 PDT 2023, 13.4, 32
OF-CLIENT-1379, MacBookAir10,1, Tue Jun 20 10:15:20 CEST 2023, 13.3.1, 16
OF-CLIENT-1380, MacBookAir10,1, Wed Jun 21 11:40:30 CEST 2023, 13.4, 16
OF-CLIENT-1381, MacBookPro14,1, Thu Jun 22 05:29:43 PDT 2023, 13.3.1, 16
OF-CLIENT-1382, MacBookPro17,1, Thu Jun 22 05:30:07 PDT 2023, 13.1, 16
OF-CLIENT-1383, MacBookPro18,1, Mon Jun 26 00:54:20 PDT 2023, 13.3.1, 32
OF-CLIENT-1384, Macmini8,1, Mon Jun 26 10:39:38 CEST 2023, 13.3.1, 32
OF-CLIENT-1385, MacBookPro18,1, Mon Jun 26 02:11:25 PDT 2023, 13.3.1, 32
OF-CLIENT-1386, MacBookAir10,1, Tue Jun 27 02:14:30 PDT 2023, 12.2.1, 16
OF-CLIENT-1387, MacBookPro16,2, Tue Jun 27 02:20:18 PDT 2023, 13.1, 16
OF-CLIENT-1388, MacBookPro18,1, Tue Jun 27 13:36:51 CEST 2023, 13.4, 32
OF-CLIENT-1389, MacBookPro18,3, Wed Jun 28 13:20:33 CEST 2023, 12.5, 32
OF-CLIENT-1390, MacBookPro16,2, Wed Jun 28 06:40:19 PDT 2023, 13.4.1, 16
OF-CLIENT-1391, MacBookAir10,1, Mon Jul 3 00:39:41 PDT 2023, 13.3, 16
OF-CLIENT-1392, MacBookPro18,1, Mon Jul 3 01:12:37 PDT 2023, 13.4, 32
OF-CLIENT-1393, MacBookPro18,1, Wed Jul 5 08:27:07 PDT 2023, 12.5, 32
OF-CLIENT-1394, MacBookPro18,3, Thu Jul 6 06:53:02 PDT 2023, 13.0, 32
OF-CLIENT-1395, MacBookPro18,1, Thu Jul 13 14:55:04 CEST 2023, 12.1, 32
OF-CLIENT-1396, MacBookPro15,1, Thu Jul 13 06:34:38 PDT 2023, 13.4.1, 32
OF-CLIENT-1397, MacBookPro16,2, Thu Jul 13 07:09:55 PDT 2023, 13.3.1, 16
OF-CLIENT-1398, MacBookPro16,1, Tue Jul 25 09:03:02 CEST 2023, 13.1, 32
OF-CLIENT-1399, MacBookPro17,1, Mon Jul 31 00:13:06 PDT 2023, 13.4, 16
OF-CLIENT-1400, MacBookAir10,1, Mon Jul 31 03:30:37 PDT 2023, 12.2.1, 16
OF-CLIENT-1401, MacBookPro18,3, Mon Jul 31 05:53:56 PDT 2023, 13.4, 16
OF-CLIENT-1402, MacBookPro18,1, Tue Aug 1 10:00:16 CEST 2023, 12.3, 32
OF-CLIENT-1403, MacBookAir10,1, Wed Aug 2 01:06:35 PDT 2023, 13.4, 16
OF-CLIENT-1404, MacBookAir10,1, Wed Aug 2 02:20:57 PDT 2023, 13.3.1, 16
OF-CLIENT-1405, MacBookPro18,1, Thu Aug 3 08:23:51 PDT 2023, 12.6.8, 32
OF-CLIENT-1406, MacBookPro18,3, Mon Aug 7 11:05:52 CEST 2023, 12.5.1, 32
OF-CLIENT-1407, MacBookPro17,1, Mon Aug 7 11:00:12 WEST 2023, 12.6, 16
OF-CLIENT-1408, MacBookPro16,1, Mon Aug 7 07:13:13 PDT 2023, 13.4, 16
OF-CLIENT-1409, MacBookPro15,1, Wed Aug 9 06:26:38 PDT 2023, 10.14.6, 32
OF-CLIENT-1410, MacBookPro15,1, Wed Aug 9 07:02:46 PDT 2023, 10.14.6, 32
OF-CLIENT-1411, MacBookPro18,1, Thu Aug 10 11:28:13 CEST 2023, 13.5, 32
OF-CLIENT-1412, MacBookAir10,1, Thu Aug 10 14:30:50 CEST 2023, 13.4.1, 16
OF-CLIENT-1413, MacBookPro18,1, Thu Aug 10 14:59:07 CEST 2023, 12.1, 32
OF-CLIENT-1414, MacBookPro16,2, Thu Aug 24 03:44:54 PDT 2023, 13.3.1, 16
OF-CLIENT-1415, MacBookPro17,1, Mon Aug 28 11:30:33 CEST 2023, 13.0, 16
OF-CLIENT-1416, Mac14,9, Tue Aug 29 10:26:37 CEST 2023, 13.0, 32
OF-CLIENT-1417, MacBookPro18,1, Wed Aug 30 12:50:59 CEST 2023, 13.5.1, 32
OF-CLIENT-1418, MacBookPro14,3, Tue Sep 12 13:11:17 CEST 2023, 13.5.2, 16
OF-CLIENT-1419, MacBookPro15,1, Tue Sep 12 16:00:31 CEST 2023, 13.2.1, 32
OF-CLIENT-1420, MacBookPro18,3, Tue Sep 12 17:12:27 CEST 2023, 13.3.1, 16
OF-CLIENT-1421, MacBookAir10,1, Fri Sep 22 15:27:19 CEST 2023, 13.4.1, 16
OF-CLIENT-1422, MacBookPro18,1, Wed Sep 27 15:22:08 CEST 2023, 12.5, 32
OF-CLIENT-1423, MacBookPro16,1, Fri Sep 29 10:13:54 CEST 2023, 13.6, 32
OF-CLIENT-1424, MacBookPro14,3, Fri Sep 29 10:19:55 CEST 2023, 13.5.2, 16
OF-CLIENT-1425, MacBookAir10,1, Fri Sep 29 02:01:03 PDT 2023, 13.4, 16
OF-CLIENT-1426, MacBookPro14,3, Fri Sep 29 11:05:33 CEST 2023, 13.5.2, 16
OF-CLIENT-1427, MacBookPro18,1, Thu Oct 5 10:41:25 CEST 2023, 13.0.1, 32
OF-CLIENT-1428, MacBookPro18,1, Thu Oct 5 13:56:08 CEST 2023, 13.4.1, 32
OF-CLIENT-1429, MacBookPro17,1, Fri Oct 6 13:47:43 CEST 2023, 13.4, 16
OF-CLIENT-1430, MacBookAir10,1, Tue Oct 10 01:21:55 PDT 2023, 13.5.2, 16
OF-CLIENT-1431, MacBookPro17,1, Tue Oct 10 12:28:57 CEST 2023, 13.2.1, 16
OF-CLIENT-1432, MacBookPro16,1, Wed Oct 11 00:08:39 PDT 2023, 13.6, 32
OF-CLIENT-1433, MacBookPro18,1, Wed Oct 11 05:55:23 PDT 2023, 13.3.1, 32
OF-CLIENT-1434, MacBookAir10,1, Wed Oct 11 16:45:46 CEST 2023, 12.2.1, 16
OF-CLIENT-1435, MacBookAir10,1, Mon Oct 16 00:59:13 PDT 2023, 13.5.2, 16
OF-CLIENT-1436, MacBookPro17,1, Tue Oct 17 09:54:05 CEST 2023, 12.2.1, 16
OF-CLIENT-1437, MacBookPro18,1, Tue Oct 17 10:23:29 CEST 2023, 13.5.2, 32
OF-CLIENT-1438, MacBookPro18,3, Tue Oct 17 01:55:01 PDT 2023, 12.5, 32
OF-CLIENT-1439, MacBookAir10,1, Tue Oct 17 04:39:03 PDT 2023, 13.5.2, 16
